method,algorithm,k,seed_1,seed_2,ARI,NMI
PCA,KMeans,4,9855,5791,1.0,1.0
PCA,KMeans,4,9855,2407,1.0,1.0
PCA,KMeans,4,9855,3735,1.0,1.0
PCA,KMeans,4,9855,9513,1.0,1.0
PCA,KMeans,4,9855,9149,1.0,1.0
PCA,KMeans,4,9855,5361,1.0,1.0
PCA,KMeans,4,9855,4881,1.0,1.0
PCA,KMeans,4,9855,3050,1.0,1.0
PCA,KMeans,4,9855,8244,1.0,1.0
PCA,KMeans,4,5791,2407,1.0,1.0
PCA,KMeans,4,5791,3735,1.0,1.0
PCA,KMeans,4,5791,9513,1.0,1.0
PCA,KMeans,4,5791,9149,1.0,1.0
PCA,KMeans,4,5791,5361,1.0,1.0
PCA,KMeans,4,5791,4881,1.0,1.0
PCA,KMeans,4,5791,3050,1.0,1.0
PCA,KMeans,4,5791,8244,1.0,1.0
PCA,KMeans,4,2407,3735,1.0,1.0
PCA,KMeans,4,2407,9513,1.0,1.0
PCA,KMeans,4,2407,9149,1.0,1.0
PCA,KMeans,4,2407,5361,1.0,1.0
PCA,KMeans,4,2407,4881,1.0,1.0
PCA,KMeans,4,2407,3050,1.0,1.0
PCA,KMeans,4,2407,8244,1.0,1.0
PCA,KMeans,4,3735,9513,1.0,1.0
PCA,KMeans,4,3735,9149,1.0,1.0
PCA,KMeans,4,3735,5361,1.0,1.0
PCA,KMeans,4,3735,4881,1.0,1.0
PCA,KMeans,4,3735,3050,1.0,1.0
PCA,KMeans,4,3735,8244,1.0,1.0
PCA,KMeans,4,9513,9149,1.0,0.9999999999999999
PCA,KMeans,4,9513,5361,1.0,0.9999999999999999
PCA,KMeans,4,9513,4881,1.0,1.0
PCA,KMeans,4,9513,3050,1.0,0.9999999999999999
PCA,KMeans,4,9513,8244,1.0,0.9999999999999999
PCA,KMeans,4,9149,5361,1.0,1.0
PCA,KMeans,4,9149,4881,1.0,1.0
PCA,KMeans,4,9149,3050,1.0,1.0
PCA,KMeans,4,9149,8244,1.0,1.0
PCA,KMeans,4,5361,4881,1.0,1.0
PCA,KMeans,4,5361,3050,1.0,1.0
PCA,KMeans,4,5361,8244,1.0,1.0
PCA,KMeans,4,4881,3050,1.0,0.9999999999999999
PCA,KMeans,4,4881,8244,1.0,0.9999999999999999
PCA,KMeans,4,3050,8244,1.0,1.0
PCA,GMM,4,7335,6546,0.8835841956726247,0.7844657778856977
PCA,GMM,4,7335,3199,1.0,1.0
PCA,GMM,4,7335,5793,1.0,1.0
PCA,GMM,4,7335,8091,1.0,1.0
PCA,GMM,4,7335,9682,1.0,1.0
PCA,GMM,4,7335,8247,1.0,1.0
PCA,GMM,4,7335,6230,1.0,1.0
PCA,GMM,4,7335,9153,0.8835841956726247,0.7844657778856977
PCA,GMM,4,7335,5539,0.8835841956726247,0.7844657778856977
PCA,GMM,4,6546,3199,0.8835841956726247,0.7844657778856977
PCA,GMM,4,6546,5793,0.8835841956726247,0.7844657778856977
PCA,GMM,4,6546,8091,0.8835841956726247,0.7844657778856977
PCA,GMM,4,6546,9682,0.8835841956726247,0.7844657778856977
PCA,GMM,4,6546,8247,0.8835841956726247,0.7844657778856977
PCA,GMM,4,6546,6230,0.8835841956726247,0.7844657778856977
PCA,GMM,4,6546,9153,1.0,1.0
PCA,GMM,4,6546,5539,1.0,1.0
PCA,GMM,4,3199,5793,1.0,1.0
PCA,GMM,4,3199,8091,1.0,1.0
PCA,GMM,4,3199,9682,1.0,1.0
PCA,GMM,4,3199,8247,1.0,1.0
PCA,GMM,4,3199,6230,1.0,1.0
PCA,GMM,4,3199,9153,0.8835841956726247,0.7844657778856979
PCA,GMM,4,3199,5539,0.8835841956726247,0.7844657778856979
PCA,GMM,4,5793,8091,1.0,1.0
PCA,GMM,4,5793,9682,1.0,1.0
PCA,GMM,4,5793,8247,1.0,1.0
PCA,GMM,4,5793,6230,1.0,1.0
PCA,GMM,4,5793,9153,0.8835841956726247,0.7844657778856977
PCA,GMM,4,5793,5539,0.8835841956726247,0.7844657778856977
PCA,GMM,4,8091,9682,1.0,1.0
PCA,GMM,4,8091,8247,1.0,1.0
PCA,GMM,4,8091,6230,1.0,1.0
PCA,GMM,4,8091,9153,0.8835841956726247,0.7844657778856979
PCA,GMM,4,8091,5539,0.8835841956726247,0.7844657778856979
PCA,GMM,4,9682,8247,1.0,1.0
PCA,GMM,4,9682,6230,1.0,1.0
PCA,GMM,4,9682,9153,0.8835841956726247,0.7844657778856979
PCA,GMM,4,9682,5539,0.8835841956726247,0.7844657778856979
PCA,GMM,4,8247,6230,1.0,1.0
PCA,GMM,4,8247,9153,0.8835841956726247,0.7844657778856979
PCA,GMM,4,8247,5539,0.8835841956726247,0.7844657778856979
PCA,GMM,4,6230,9153,0.8835841956726247,0.7844657778856979
PCA,GMM,4,6230,5539,0.8835841956726247,0.7844657778856979
PCA,GMM,4,9153,5539,1.0,1.0
PCA,Agglomerative,4,3050,6318,1.0,1.0
PCA,Agglomerative,4,3050,6731,1.0,1.0
PCA,Agglomerative,4,3050,6384,1.0,1.0
PCA,Agglomerative,4,3050,3016,1.0,1.0
PCA,Agglomerative,4,3050,6027,1.0,1.0
PCA,Agglomerative,4,3050,1382,1.0,1.0
PCA,Agglomerative,4,3050,1273,1.0,1.0
PCA,Agglomerative,4,3050,9213,1.0,1.0
PCA,Agglomerative,4,3050,6967,1.0,1.0
PCA,Agglomerative,4,6318,6731,1.0,1.0
PCA,Agglomerative,4,6318,6384,1.0,1.0
PCA,Agglomerative,4,6318,3016,1.0,1.0
PCA,Agglomerative,4,6318,6027,1.0,1.0
PCA,Agglomerative,4,6318,1382,1.0,1.0
PCA,Agglomerative,4,6318,1273,1.0,1.0
PCA,Agglomerative,4,6318,9213,1.0,1.0
PCA,Agglomerative,4,6318,6967,1.0,1.0
PCA,Agglomerative,4,6731,6384,1.0,1.0
PCA,Agglomerative,4,6731,3016,1.0,1.0
PCA,Agglomerative,4,6731,6027,1.0,1.0
PCA,Agglomerative,4,6731,1382,1.0,1.0
PCA,Agglomerative,4,6731,1273,1.0,1.0
PCA,Agglomerative,4,6731,9213,1.0,1.0
PCA,Agglomerative,4,6731,6967,1.0,1.0
PCA,Agglomerative,4,6384,3016,1.0,1.0
PCA,Agglomerative,4,6384,6027,1.0,1.0
PCA,Agglomerative,4,6384,1382,1.0,1.0
PCA,Agglomerative,4,6384,1273,1.0,1.0
PCA,Agglomerative,4,6384,9213,1.0,1.0
PCA,Agglomerative,4,6384,6967,1.0,1.0
PCA,Agglomerative,4,3016,6027,1.0,1.0
PCA,Agglomerative,4,3016,1382,1.0,1.0
PCA,Agglomerative,4,3016,1273,1.0,1.0
PCA,Agglomerative,4,3016,9213,1.0,1.0
PCA,Agglomerative,4,3016,6967,1.0,1.0
PCA,Agglomerative,4,6027,1382,1.0,1.0
PCA,Agglomerative,4,6027,1273,1.0,1.0
PCA,Agglomerative,4,6027,9213,1.0,1.0
PCA,Agglomerative,4,6027,6967,1.0,1.0
PCA,Agglomerative,4,1382,1273,1.0,1.0
PCA,Agglomerative,4,1382,9213,1.0,1.0
PCA,Agglomerative,4,1382,6967,1.0,1.0
PCA,Agglomerative,4,1273,9213,1.0,1.0
PCA,Agglomerative,4,1273,6967,1.0,1.0
PCA,Agglomerative,4,9213,6967,1.0,1.0
PCA,Spectral,4,1238,5123,1.0,1.0
PCA,Spectral,4,1238,3050,1.0,1.0
PCA,Spectral,4,1238,4861,1.0,1.0
PCA,Spectral,4,1238,2699,1.0,1.0
PCA,Spectral,4,1238,3214,1.0,1.0
PCA,Spectral,4,1238,9496,1.0,1.0
PCA,Spectral,4,1238,1855,1.0,1.0
PCA,Spectral,4,1238,9991,1.0,1.0
PCA,Spectral,4,1238,5008,1.0,1.0
PCA,Spectral,4,5123,3050,1.0,1.0
PCA,Spectral,4,5123,4861,1.0,1.0
PCA,Spectral,4,5123,2699,1.0,1.0
PCA,Spectral,4,5123,3214,1.0,1.0
PCA,Spectral,4,5123,9496,1.0,1.0
PCA,Spectral,4,5123,1855,1.0,1.0
PCA,Spectral,4,5123,9991,1.0,1.0
PCA,Spectral,4,5123,5008,1.0,1.0
PCA,Spectral,4,3050,4861,1.0,1.0
PCA,Spectral,4,3050,2699,1.0,1.0
PCA,Spectral,4,3050,3214,1.0,1.0
PCA,Spectral,4,3050,9496,1.0,1.0
PCA,Spectral,4,3050,1855,1.0,1.0
PCA,Spectral,4,3050,9991,1.0,1.0
PCA,Spectral,4,3050,5008,1.0,1.0
PCA,Spectral,4,4861,2699,1.0,1.0
PCA,Spectral,4,4861,3214,1.0,1.0
PCA,Spectral,4,4861,9496,1.0,1.0
PCA,Spectral,4,4861,1855,1.0,1.0
PCA,Spectral,4,4861,9991,1.0,1.0
PCA,Spectral,4,4861,5008,1.0,1.0
PCA,Spectral,4,2699,3214,1.0,1.0
PCA,Spectral,4,2699,9496,1.0,1.0
PCA,Spectral,4,2699,1855,1.0,1.0
PCA,Spectral,4,2699,9991,1.0,1.0
PCA,Spectral,4,2699,5008,1.0,1.0
PCA,Spectral,4,3214,9496,1.0,1.0
PCA,Spectral,4,3214,1855,1.0,1.0
PCA,Spectral,4,3214,9991,1.0,1.0
PCA,Spectral,4,3214,5008,1.0,1.0
PCA,Spectral,4,9496,1855,1.0,1.0
PCA,Spectral,4,9496,9991,1.0,1.0
PCA,Spectral,4,9496,5008,1.0,1.0
PCA,Spectral,4,1855,9991,1.0,1.0
PCA,Spectral,4,1855,5008,1.0,1.0
PCA,Spectral,4,9991,5008,1.0,1.0
PCA,KMeans,5,4031,6230,0.9559124211961152,0.9485214895706111
PCA,KMeans,5,4031,5123,0.9556964433494726,0.9487639378050284
PCA,KMeans,5,4031,7923,0.9559124211961152,0.9485214895706111
PCA,KMeans,5,4031,9855,0.9559124211961152,0.9485214895706111
PCA,KMeans,5,4031,6318,0.9556964433494726,0.9487639378050284
PCA,KMeans,5,4031,8859,0.9556964433494726,0.9487639378050287
PCA,KMeans,5,4031,1159,0.9559124211961152,0.9485214895706111
PCA,KMeans,5,4031,8476,0.9559124211961152,0.9485214895706111
PCA,KMeans,5,4031,3214,0.9559124211961152,0.9485214895706111
PCA,KMeans,5,6230,5123,0.9129147931014856,0.9130479636409463
PCA,KMeans,5,6230,7923,1.0,1.0
PCA,KMeans,5,6230,9855,1.0,1.0
PCA,KMeans,5,6230,6318,0.9129147931014856,0.9130479636409463
PCA,KMeans,5,6230,8859,0.9129147931014856,0.9130479636409463
PCA,KMeans,5,6230,1159,1.0,1.0
PCA,KMeans,5,6230,8476,1.0,1.0
PCA,KMeans,5,6230,3214,1.0,1.0
PCA,KMeans,5,5123,7923,0.9129147931014856,0.9130479636409463
PCA,KMeans,5,5123,9855,0.9129147931014856,0.9130479636409463
PCA,KMeans,5,5123,6318,1.0,1.0
PCA,KMeans,5,5123,8859,1.0,1.0
PCA,KMeans,5,5123,1159,0.9129147931014856,0.9130479636409463
PCA,KMeans,5,5123,8476,0.9129147931014856,0.9130479636409463
PCA,KMeans,5,5123,3214,0.9129147931014856,0.9130479636409463
PCA,KMeans,5,7923,9855,1.0,1.0
PCA,KMeans,5,7923,6318,0.9129147931014856,0.9130479636409463
PCA,KMeans,5,7923,8859,0.9129147931014856,0.9130479636409463
PCA,KMeans,5,7923,1159,1.0,1.0
PCA,KMeans,5,7923,8476,1.0,1.0
PCA,KMeans,5,7923,3214,1.0,1.0
PCA,KMeans,5,9855,6318,0.9129147931014856,0.9130479636409463
PCA,KMeans,5,9855,8859,0.9129147931014856,0.9130479636409463
PCA,KMeans,5,9855,1159,1.0,1.0
PCA,KMeans,5,9855,8476,1.0,1.0
PCA,KMeans,5,9855,3214,1.0,1.0
PCA,KMeans,5,6318,8859,1.0,1.0
PCA,KMeans,5,6318,1159,0.9129147931014856,0.9130479636409463
PCA,KMeans,5,6318,8476,0.9129147931014856,0.9130479636409463
PCA,KMeans,5,6318,3214,0.9129147931014856,0.9130479636409463
PCA,KMeans,5,8859,1159,0.9129147931014856,0.9130479636409463
PCA,KMeans,5,8859,8476,0.9129147931014856,0.9130479636409463
PCA,KMeans,5,8859,3214,0.9129147931014856,0.9130479636409463
PCA,KMeans,5,1159,8476,1.0,1.0
PCA,KMeans,5,1159,3214,1.0,1.0
PCA,KMeans,5,8476,3214,1.0,1.0
PCA,GMM,5,3016,8700,1.0,1.0
PCA,GMM,5,3016,4031,1.0,1.0
PCA,GMM,5,3016,6230,0.7939835763874126,0.7853118568308056
PCA,GMM,5,3016,3627,0.7939835763874126,0.7853118568308056
PCA,GMM,5,3016,5539,0.7939835763874126,0.7853118568308056
PCA,GMM,5,3016,4861,0.7939835763874126,0.7853118568308056
PCA,GMM,5,3016,8859,0.7939835763874126,0.7853118568308056
PCA,GMM,5,3016,9213,0.7939835763874126,0.7853118568308056
PCA,GMM,5,3016,3097,0.9583105438142587,0.9468605200936989
PCA,GMM,5,8700,4031,1.0,1.0
PCA,GMM,5,8700,6230,0.7939835763874126,0.7853118568308056
PCA,GMM,5,8700,3627,0.7939835763874126,0.7853118568308056
PCA,GMM,5,8700,5539,0.7939835763874126,0.7853118568308056
PCA,GMM,5,8700,4861,0.7939835763874126,0.7853118568308056
PCA,GMM,5,8700,8859,0.7939835763874126,0.7853118568308056
PCA,GMM,5,8700,9213,0.7939835763874126,0.7853118568308056
PCA,GMM,5,8700,3097,0.9583105438142587,0.9468605200936989
PCA,GMM,5,4031,6230,0.7939835763874126,0.7853118568308056
PCA,GMM,5,4031,3627,0.7939835763874126,0.7853118568308056
PCA,GMM,5,4031,5539,0.7939835763874126,0.7853118568308056
PCA,GMM,5,4031,4861,0.7939835763874126,0.7853118568308056
PCA,GMM,5,4031,8859,0.7939835763874126,0.7853118568308056
PCA,GMM,5,4031,9213,0.7939835763874126,0.7853118568308056
PCA,GMM,5,4031,3097,0.9583105438142587,0.9468605200936989
PCA,GMM,5,6230,3627,1.0,1.0
PCA,GMM,5,6230,5539,1.0,1.0
PCA,GMM,5,6230,4861,1.0,1.0
PCA,GMM,5,6230,8859,1.0,1.0
PCA,GMM,5,6230,9213,1.0,1.0
PCA,GMM,5,6230,3097,0.7591764124551423,0.765676881947593
PCA,GMM,5,3627,5539,1.0,1.0
PCA,GMM,5,3627,4861,1.0,1.0
PCA,GMM,5,3627,8859,1.0,1.0
PCA,GMM,5,3627,9213,1.0,1.0
PCA,GMM,5,3627,3097,0.7591764124551423,0.765676881947593
PCA,GMM,5,5539,4861,1.0,1.0
PCA,GMM,5,5539,8859,1.0,1.0
PCA,GMM,5,5539,9213,1.0,1.0
PCA,GMM,5,5539,3097,0.7591764124551423,0.765676881947593
PCA,GMM,5,4861,8859,1.0,1.0
PCA,GMM,5,4861,9213,1.0,1.0
PCA,GMM,5,4861,3097,0.7591764124551423,0.765676881947593
PCA,GMM,5,8859,9213,1.0,1.0
PCA,GMM,5,8859,3097,0.7591764124551423,0.765676881947593
PCA,GMM,5,9213,3097,0.7591764124551423,0.765676881947593
PCA,Agglomerative,5,1855,5315,1.0,1.0
PCA,Agglomerative,5,1855,1127,1.0,1.0
PCA,Agglomerative,5,1855,7335,1.0,1.0
PCA,Agglomerative,5,1855,6230,1.0,1.0
PCA,Agglomerative,5,1855,9939,1.0,1.0
PCA,Agglomerative,5,1855,8859,1.0,1.0
PCA,Agglomerative,5,1855,3069,1.0,1.0
PCA,Agglomerative,5,1855,3847,1.0,1.0
PCA,Agglomerative,5,1855,3881,1.0,1.0
PCA,Agglomerative,5,5315,1127,1.0,1.0
PCA,Agglomerative,5,5315,7335,1.0,1.0
PCA,Agglomerative,5,5315,6230,1.0,1.0
PCA,Agglomerative,5,5315,9939,1.0,1.0
PCA,Agglomerative,5,5315,8859,1.0,1.0
PCA,Agglomerative,5,5315,3069,1.0,1.0
PCA,Agglomerative,5,5315,3847,1.0,1.0
PCA,Agglomerative,5,5315,3881,1.0,1.0
PCA,Agglomerative,5,1127,7335,1.0,1.0
PCA,Agglomerative,5,1127,6230,1.0,1.0
PCA,Agglomerative,5,1127,9939,1.0,1.0
PCA,Agglomerative,5,1127,8859,1.0,1.0
PCA,Agglomerative,5,1127,3069,1.0,1.0
PCA,Agglomerative,5,1127,3847,1.0,1.0
PCA,Agglomerative,5,1127,3881,1.0,1.0
PCA,Agglomerative,5,7335,6230,1.0,1.0
PCA,Agglomerative,5,7335,9939,1.0,1.0
PCA,Agglomerative,5,7335,8859,1.0,1.0
PCA,Agglomerative,5,7335,3069,1.0,1.0
PCA,Agglomerative,5,7335,3847,1.0,1.0
PCA,Agglomerative,5,7335,3881,1.0,1.0
PCA,Agglomerative,5,6230,9939,1.0,1.0
PCA,Agglomerative,5,6230,8859,1.0,1.0
PCA,Agglomerative,5,6230,3069,1.0,1.0
PCA,Agglomerative,5,6230,3847,1.0,1.0
PCA,Agglomerative,5,6230,3881,1.0,1.0
PCA,Agglomerative,5,9939,8859,1.0,1.0
PCA,Agglomerative,5,9939,3069,1.0,1.0
PCA,Agglomerative,5,9939,3847,1.0,1.0
PCA,Agglomerative,5,9939,3881,1.0,1.0
PCA,Agglomerative,5,8859,3069,1.0,1.0
PCA,Agglomerative,5,8859,3847,1.0,1.0
PCA,Agglomerative,5,8859,3881,1.0,1.0
PCA,Agglomerative,5,3069,3847,1.0,1.0
PCA,Agglomerative,5,3069,3881,1.0,1.0
PCA,Agglomerative,5,3847,3881,1.0,1.0
PCA,Spectral,5,9496,8091,1.0,1.0
PCA,Spectral,5,9496,3881,1.0,1.0
PCA,Spectral,5,9496,5008,1.0,1.0
PCA,Spectral,5,9496,5576,1.0,1.0
PCA,Spectral,5,9496,4861,1.0,1.0
PCA,Spectral,5,9496,2694,1.0,1.0
PCA,Spectral,5,9496,3210,1.0,1.0
PCA,Spectral,5,9496,1127,1.0,1.0
PCA,Spectral,5,9496,6731,1.0,1.0
PCA,Spectral,5,8091,3881,1.0,1.0
PCA,Spectral,5,8091,5008,1.0,1.0
PCA,Spectral,5,8091,5576,1.0,1.0
PCA,Spectral,5,8091,4861,1.0,1.0
PCA,Spectral,5,8091,2694,1.0,1.0000000000000002
PCA,Spectral,5,8091,3210,1.0,1.0
PCA,Spectral,5,8091,1127,1.0,1.0
PCA,Spectral,5,8091,6731,1.0,1.0
PCA,Spectral,5,3881,5008,1.0,1.0
PCA,Spectral,5,3881,5576,1.0,1.0
PCA,Spectral,5,3881,4861,1.0,1.0
PCA,Spectral,5,3881,2694,1.0,1.0000000000000002
PCA,Spectral,5,3881,3210,1.0,1.0
PCA,Spectral,5,3881,1127,1.0,1.0
PCA,Spectral,5,3881,6731,1.0,1.0
PCA,Spectral,5,5008,5576,1.0,1.0
PCA,Spectral,5,5008,4861,1.0,1.0
PCA,Spectral,5,5008,2694,1.0,1.0000000000000002
PCA,Spectral,5,5008,3210,1.0,1.0
PCA,Spectral,5,5008,1127,1.0,1.0
PCA,Spectral,5,5008,6731,1.0,1.0
PCA,Spectral,5,5576,4861,1.0,1.0
PCA,Spectral,5,5576,2694,1.0,1.0000000000000002
PCA,Spectral,5,5576,3210,1.0,1.0
PCA,Spectral,5,5576,1127,1.0,1.0
PCA,Spectral,5,5576,6731,1.0,1.0
PCA,Spectral,5,4861,2694,1.0,1.0000000000000002
PCA,Spectral,5,4861,3210,1.0,1.0
PCA,Spectral,5,4861,1127,1.0,1.0
PCA,Spectral,5,4861,6731,1.0,1.0
PCA,Spectral,5,2694,3210,1.0,1.0
PCA,Spectral,5,2694,1127,1.0,1.0
PCA,Spectral,5,2694,6731,1.0,1.0
PCA,Spectral,5,3210,1127,1.0,1.0
PCA,Spectral,5,3210,6731,1.0,1.0
PCA,Spectral,5,1127,6731,1.0,1.0
PCA,KMeans,6,5576,3857,0.956161041730617,0.9531658482228316
PCA,KMeans,6,5576,9422,0.9139191079533446,0.9206401477201038
PCA,KMeans,6,5576,8146,1.0,1.0
PCA,KMeans,6,5576,6230,0.9139191079533446,0.9206401477201037
PCA,KMeans,6,5576,5201,0.9139191079533446,0.9206401477201037
PCA,KMeans,6,5576,2687,1.0,1.0
PCA,KMeans,6,5576,8095,0.9139191079533446,0.9206401477201037
PCA,KMeans,6,5576,6967,0.956161041730617,0.9531658482228315
PCA,KMeans,6,5576,6140,0.9139191079533446,0.9206401477201037
PCA,KMeans,6,3857,9422,0.9564257382814382,0.9529670214486989
PCA,KMeans,6,3857,8146,0.956161041730617,0.9531658482228315
PCA,KMeans,6,3857,6230,0.9564257382814382,0.9529670214486989
PCA,KMeans,6,3857,5201,0.9564257382814382,0.9529670214486989
PCA,KMeans,6,3857,2687,0.956161041730617,0.9531658482228315
PCA,KMeans,6,3857,8095,0.9564257382814382,0.9529670214486989
PCA,KMeans,6,3857,6967,1.0,1.0
PCA,KMeans,6,3857,6140,0.9564257382814382,0.9529670214486989
PCA,KMeans,6,9422,8146,0.9139191079533446,0.9206401477201037
PCA,KMeans,6,9422,6230,1.0,1.0
PCA,KMeans,6,9422,5201,1.0,1.0
PCA,KMeans,6,9422,2687,0.9139191079533446,0.9206401477201037
PCA,KMeans,6,9422,8095,1.0,1.0
PCA,KMeans,6,9422,6967,0.9564257382814382,0.9529670214486989
PCA,KMeans,6,9422,6140,1.0,1.0
PCA,KMeans,6,8146,6230,0.9139191079533446,0.9206401477201038
PCA,KMeans,6,8146,5201,0.9139191079533446,0.9206401477201038
PCA,KMeans,6,8146,2687,1.0,1.0
PCA,KMeans,6,8146,8095,0.9139191079533446,0.9206401477201038
PCA,KMeans,6,8146,6967,0.956161041730617,0.9531658482228315
PCA,KMeans,6,8146,6140,0.9139191079533446,0.9206401477201038
PCA,KMeans,6,6230,5201,1.0,1.0
PCA,KMeans,6,6230,2687,0.9139191079533446,0.9206401477201037
PCA,KMeans,6,6230,8095,1.0,1.0
PCA,KMeans,6,6230,6967,0.9564257382814382,0.9529670214486989
PCA,KMeans,6,6230,6140,1.0,1.0
PCA,KMeans,6,5201,2687,0.9139191079533446,0.9206401477201038
PCA,KMeans,6,5201,8095,1.0,1.0
PCA,KMeans,6,5201,6967,0.9564257382814382,0.9529670214486988
PCA,KMeans,6,5201,6140,1.0,1.0
PCA,KMeans,6,2687,8095,0.9139191079533446,0.9206401477201037
PCA,KMeans,6,2687,6967,0.956161041730617,0.9531658482228315
PCA,KMeans,6,2687,6140,0.9139191079533446,0.9206401477201037
PCA,KMeans,6,8095,6967,0.9564257382814382,0.9529670214486988
PCA,KMeans,6,8095,6140,1.0,1.0
PCA,KMeans,6,6967,6140,0.9564257382814382,0.9529670214486988
PCA,GMM,6,2407,2981,1.0,1.0000000000000002
PCA,GMM,6,2407,5170,1.0,1.0
PCA,GMM,6,2407,9991,1.0,1.0000000000000002
PCA,GMM,6,2407,3970,1.0,1.0
PCA,GMM,6,2407,3627,1.0,1.0
PCA,GMM,6,2407,3881,1.0,1.0000000000000002
PCA,GMM,6,2407,3812,1.0,1.0000000000000002
PCA,GMM,6,2407,3255,1.0,1.0
PCA,GMM,6,2407,1311,1.0,1.0000000000000002
PCA,GMM,6,2981,5170,1.0,1.0
PCA,GMM,6,2981,9991,1.0,1.0
PCA,GMM,6,2981,3970,1.0,1.0
PCA,GMM,6,2981,3627,1.0,1.0
PCA,GMM,6,2981,3881,1.0,1.0
PCA,GMM,6,2981,3812,1.0,1.0
PCA,GMM,6,2981,3255,1.0,1.0
PCA,GMM,6,2981,1311,1.0,1.0
PCA,GMM,6,5170,9991,1.0,1.0000000000000002
PCA,GMM,6,5170,3970,1.0,1.0
PCA,GMM,6,5170,3627,1.0,1.0
PCA,GMM,6,5170,3881,1.0,1.0000000000000002
PCA,GMM,6,5170,3812,1.0,1.0000000000000002
PCA,GMM,6,5170,3255,1.0,1.0
PCA,GMM,6,5170,1311,1.0,1.0000000000000002
PCA,GMM,6,9991,3970,1.0,1.0
PCA,GMM,6,9991,3627,1.0,1.0
PCA,GMM,6,9991,3881,1.0,1.0
PCA,GMM,6,9991,3812,1.0,1.0
PCA,GMM,6,9991,3255,1.0,1.0
PCA,GMM,6,9991,1311,1.0,1.0
PCA,GMM,6,3970,3627,1.0,1.0
PCA,GMM,6,3970,3881,1.0,1.0000000000000002
PCA,GMM,6,3970,3812,1.0,1.0000000000000002
PCA,GMM,6,3970,3255,1.0,1.0
PCA,GMM,6,3970,1311,1.0,1.0000000000000002
PCA,GMM,6,3627,3881,1.0,1.0000000000000002
PCA,GMM,6,3627,3812,1.0,1.0000000000000002
PCA,GMM,6,3627,3255,1.0,1.0
PCA,GMM,6,3627,1311,1.0,1.0000000000000002
PCA,GMM,6,3881,3812,1.0,1.0
PCA,GMM,6,3881,3255,1.0,1.0
PCA,GMM,6,3881,1311,1.0,1.0
PCA,GMM,6,3812,3255,1.0,1.0
PCA,GMM,6,3812,1311,1.0,1.0
PCA,GMM,6,3255,1311,1.0,1.0000000000000002
PCA,Agglomerative,6,4861,9153,1.0,1.0
PCA,Agglomerative,6,4861,9361,1.0,1.0
PCA,Agglomerative,6,4861,8095,1.0,1.0
PCA,Agglomerative,6,4861,9496,1.0,1.0
PCA,Agglomerative,6,4861,1238,1.0,1.0
PCA,Agglomerative,6,4861,5793,1.0,1.0
PCA,Agglomerative,6,4861,2407,1.0,1.0
PCA,Agglomerative,6,4861,4911,1.0,1.0
PCA,Agglomerative,6,4861,5361,1.0,1.0
PCA,Agglomerative,6,9153,9361,1.0,1.0
PCA,Agglomerative,6,9153,8095,1.0,1.0
PCA,Agglomerative,6,9153,9496,1.0,1.0
PCA,Agglomerative,6,9153,1238,1.0,1.0
PCA,Agglomerative,6,9153,5793,1.0,1.0
PCA,Agglomerative,6,9153,2407,1.0,1.0
PCA,Agglomerative,6,9153,4911,1.0,1.0
PCA,Agglomerative,6,9153,5361,1.0,1.0
PCA,Agglomerative,6,9361,8095,1.0,1.0
PCA,Agglomerative,6,9361,9496,1.0,1.0
PCA,Agglomerative,6,9361,1238,1.0,1.0
PCA,Agglomerative,6,9361,5793,1.0,1.0
PCA,Agglomerative,6,9361,2407,1.0,1.0
PCA,Agglomerative,6,9361,4911,1.0,1.0
PCA,Agglomerative,6,9361,5361,1.0,1.0
PCA,Agglomerative,6,8095,9496,1.0,1.0
PCA,Agglomerative,6,8095,1238,1.0,1.0
PCA,Agglomerative,6,8095,5793,1.0,1.0
PCA,Agglomerative,6,8095,2407,1.0,1.0
PCA,Agglomerative,6,8095,4911,1.0,1.0
PCA,Agglomerative,6,8095,5361,1.0,1.0
PCA,Agglomerative,6,9496,1238,1.0,1.0
PCA,Agglomerative,6,9496,5793,1.0,1.0
PCA,Agglomerative,6,9496,2407,1.0,1.0
PCA,Agglomerative,6,9496,4911,1.0,1.0
PCA,Agglomerative,6,9496,5361,1.0,1.0
PCA,Agglomerative,6,1238,5793,1.0,1.0
PCA,Agglomerative,6,1238,2407,1.0,1.0
PCA,Agglomerative,6,1238,4911,1.0,1.0
PCA,Agglomerative,6,1238,5361,1.0,1.0
PCA,Agglomerative,6,5793,2407,1.0,1.0
PCA,Agglomerative,6,5793,4911,1.0,1.0
PCA,Agglomerative,6,5793,5361,1.0,1.0
PCA,Agglomerative,6,2407,4911,1.0,1.0
PCA,Agglomerative,6,2407,5361,1.0,1.0
PCA,Agglomerative,6,4911,5361,1.0,1.0
PCA,Spectral,6,7923,8095,1.0,1.0
PCA,Spectral,6,7923,3847,1.0,1.0
PCA,Spectral,6,7923,9213,1.0,1.0
PCA,Spectral,6,7923,7368,1.0,1.0
PCA,Spectral,6,7923,3016,1.0,1.0
PCA,Spectral,6,7923,9682,1.0,1.0
PCA,Spectral,6,7923,8716,1.0,1.0
PCA,Spectral,6,7923,5154,1.0,1.0
PCA,Spectral,6,7923,5008,1.0,1.0
PCA,Spectral,6,8095,3847,1.0,1.0
PCA,Spectral,6,8095,9213,1.0,1.0
PCA,Spectral,6,8095,7368,1.0,1.0
PCA,Spectral,6,8095,3016,1.0,1.0
PCA,Spectral,6,8095,9682,1.0,1.0
PCA,Spectral,6,8095,8716,1.0,1.0
PCA,Spectral,6,8095,5154,1.0,1.0
PCA,Spectral,6,8095,5008,1.0,1.0
PCA,Spectral,6,3847,9213,1.0,1.0
PCA,Spectral,6,3847,7368,1.0,1.0
PCA,Spectral,6,3847,3016,1.0,1.0
PCA,Spectral,6,3847,9682,1.0,1.0
PCA,Spectral,6,3847,8716,1.0,1.0
PCA,Spectral,6,3847,5154,1.0,1.0
PCA,Spectral,6,3847,5008,1.0,1.0
PCA,Spectral,6,9213,7368,1.0,1.0
PCA,Spectral,6,9213,3016,1.0,1.0
PCA,Spectral,6,9213,9682,1.0,1.0
PCA,Spectral,6,9213,8716,1.0,1.0
PCA,Spectral,6,9213,5154,1.0,1.0
PCA,Spectral,6,9213,5008,1.0,1.0
PCA,Spectral,6,7368,3016,1.0,1.0
PCA,Spectral,6,7368,9682,1.0,1.0
PCA,Spectral,6,7368,8716,1.0,1.0
PCA,Spectral,6,7368,5154,1.0,1.0
PCA,Spectral,6,7368,5008,1.0,1.0
PCA,Spectral,6,3016,9682,1.0,1.0
PCA,Spectral,6,3016,8716,1.0,1.0
PCA,Spectral,6,3016,5154,1.0,1.0
PCA,Spectral,6,3016,5008,1.0,1.0
PCA,Spectral,6,9682,8716,1.0,1.0
PCA,Spectral,6,9682,5154,1.0,1.0
PCA,Spectral,6,9682,5008,1.0,1.0
PCA,Spectral,6,8716,5154,1.0,1.0
PCA,Spectral,6,8716,5008,1.0,1.0
PCA,Spectral,6,5154,5008,1.0,1.0
UMAP,KMeans,4,9991,9575,0.5714782893934152,0.6284334124326909
UMAP,KMeans,4,9991,2407,0.6576557538413627,0.6831923433817917
UMAP,KMeans,4,9991,5791,0.7072749710409364,0.7304819115469021
UMAP,KMeans,4,9991,7335,0.5935143435094701,0.6496427514050684
UMAP,KMeans,4,9991,7368,0.8113200859035443,0.8089937772574188
UMAP,KMeans,4,9991,1022,0.8113200859035443,0.8089937772574188
UMAP,KMeans,4,9991,3881,0.6419482095893182,0.6993177126619843
UMAP,KMeans,4,9991,2981,0.6196703992276832,0.654275091223323
UMAP,KMeans,4,9991,9855,0.7803268685194377,0.7851431655260986
UMAP,KMeans,4,9575,2407,0.8394179635898489,0.8651489742364372
UMAP,KMeans,4,9575,5791,0.6946375816895944,0.7871873637402601
UMAP,KMeans,4,9575,7335,0.9592842062933548,0.9608669203054808
UMAP,KMeans,4,9575,7368,0.6549037058913915,0.7341803961421757
UMAP,KMeans,4,9575,1022,0.6549037058913915,0.7341803961421757
UMAP,KMeans,4,9575,3881,0.864381104245565,0.8523625182439472
UMAP,KMeans,4,9575,2981,0.7892252750210864,0.8393058570292582
UMAP,KMeans,4,9575,9855,0.7230048633418875,0.774217568797885
UMAP,KMeans,4,2407,5791,0.8110592475850784,0.8515187167888016
UMAP,KMeans,4,2407,7335,0.8741666753801962,0.9025342915580854
UMAP,KMeans,4,2407,7368,0.7581605434327061,0.794417432629972
UMAP,KMeans,4,2407,1022,0.7581605434327061,0.794417432629972
UMAP,KMeans,4,2407,3881,0.842504533548257,0.8483949689184719
UMAP,KMeans,4,2407,2981,0.9330578849738536,0.9387329364644972
UMAP,KMeans,4,2407,9855,0.8448902212808802,0.8605444001264563
UMAP,KMeans,4,5791,7335,0.7197252734960514,0.8096146427184413
UMAP,KMeans,4,5791,7368,0.8140195315745349,0.8437522277542078
UMAP,KMeans,4,5791,1022,0.869487390578621,0.8827570703575562
UMAP,KMeans,4,5791,3881,0.7254375377187688,0.7883802367141775
UMAP,KMeans,4,5791,2981,0.8109081029681451,0.8307086074065919
UMAP,KMeans,4,5791,9855,0.784826461998234,0.8169128268554119
UMAP,KMeans,4,7335,7368,0.6800856934693139,0.7565610093755047
UMAP,KMeans,4,7335,1022,0.6800856934693139,0.7565610093755047
UMAP,KMeans,4,7335,3881,0.9023610280932457,0.8905013983975006
UMAP,KMeans,4,7335,2981,0.8207919060368373,0.8758203715046728
UMAP,KMeans,4,7335,9855,0.7529834380507756,0.8102637981291978
UMAP,KMeans,4,7368,1022,0.8690638621816325,0.878497766169925
UMAP,KMeans,4,7368,3881,0.6853178607467205,0.7518565296176966
UMAP,KMeans,4,7368,2981,0.713809378875498,0.763119341701482
UMAP,KMeans,4,7368,9855,0.8969713763951793,0.9015046419502782
UMAP,KMeans,4,1022,3881,0.6853178607467205,0.7518565296176966
UMAP,KMeans,4,1022,2981,0.757964503277564,0.7900563448304441
UMAP,KMeans,4,1022,9855,0.8969713763951793,0.9015046419502785
UMAP,KMeans,4,3881,2981,0.788475499092559,0.8186045129244688
UMAP,KMeans,4,3881,9855,0.7166061705989111,0.7512399390421938
UMAP,KMeans,4,2981,9855,0.7941092364884187,0.8271855035348493
UMAP,GMM,4,6731,9855,0.5008303487464735,0.6539609232344642
UMAP,GMM,4,6731,8146,0.4518438603373872,0.6065465063394505
UMAP,GMM,4,6731,2906,0.7830962343096234,0.7989482457134152
UMAP,GMM,4,6731,3016,0.44834145644321133,0.606274972813219
UMAP,GMM,4,6731,5123,0.5783052329336023,0.6741211815378224
UMAP,GMM,4,6731,4881,0.7591730248584789,0.7989546240503231
UMAP,GMM,4,6731,9853,0.46983966784413456,0.6173051011540218
UMAP,GMM,4,6731,2981,0.534747383874683,0.640862423253289
UMAP,GMM,4,6731,8091,0.46924368300977143,0.6563353581130044
UMAP,GMM,4,9855,8146,0.6884739548045116,0.760192458045307
UMAP,GMM,4,9855,2906,0.622381400188079,0.7446349881456905
UMAP,GMM,4,9855,3016,0.7038649307565793,0.7673182413553331
UMAP,GMM,4,9855,5123,0.78069094274203,0.7959871578780795
UMAP,GMM,4,9855,4881,0.5770023409832129,0.721032893763063
UMAP,GMM,4,9855,9853,0.7389875028716762,0.7779800463202917
UMAP,GMM,4,9855,2981,0.7842960706009563,0.8084157446013672
UMAP,GMM,4,9855,8091,0.49318130227522744,0.652311243446192
UMAP,GMM,4,8146,2906,0.5090427618673989,0.6706276556742027
UMAP,GMM,4,8146,3016,0.9673919447008228,0.9632235605346692
UMAP,GMM,4,8146,5123,0.5975971815374871,0.6743243071675485
UMAP,GMM,4,8146,4881,0.42642212632404863,0.6183533388872271
UMAP,GMM,4,8146,9853,0.8024940783056987,0.8670342071982292
UMAP,GMM,4,8146,2981,0.6450237340213901,0.7280610926675869
UMAP,GMM,4,8146,8091,0.39068131113780674,0.5861373672198156
UMAP,GMM,4,2906,3016,0.5122093051907411,0.6726905488666933
UMAP,GMM,4,2906,5123,0.6459051574251622,0.7066336244419832
UMAP,GMM,4,2906,4881,0.8149938469111494,0.8418698877302296
UMAP,GMM,4,2906,9853,0.544304935872134,0.6745294507456093
UMAP,GMM,4,2906,2981,0.6644735866497283,0.7341046517030159
UMAP,GMM,4,2906,8091,0.5389780896216263,0.7318562706229886
UMAP,GMM,4,3016,5123,0.6043942271060231,0.6774389143407259
UMAP,GMM,4,3016,4881,0.4291811018189524,0.6204389104165963
UMAP,GMM,4,3016,9853,0.8249562415615872,0.8776523011101087
UMAP,GMM,4,3016,2981,0.6536623435494958,0.73179315676649
UMAP,GMM,4,3016,8091,0.3919311958427949,0.5852533717561113
UMAP,GMM,4,5123,4881,0.6137147171910861,0.6979106664631559
UMAP,GMM,4,5123,9853,0.6689797553447081,0.7073312319804248
UMAP,GMM,4,5123,2981,0.8229893338575432,0.7987353632387368
UMAP,GMM,4,5123,8091,0.4493669238312607,0.6438351944261068
UMAP,GMM,4,4881,9853,0.4601268067970042,0.6273107272055487
UMAP,GMM,4,4881,2981,0.6388486577065096,0.7297804605260754
UMAP,GMM,4,4881,8091,0.5699711592268951,0.7415141197322083
UMAP,GMM,4,9853,2981,0.6715399350888877,0.7205044759738769
UMAP,GMM,4,9853,8091,0.38458049688845086,0.5840301568801798
UMAP,GMM,4,2981,8091,0.4354173237191257,0.6359900320977628
UMAP,Agglomerative,4,3396,6140,0.6100700697131243,0.6646306999541929
UMAP,Agglomerative,4,3396,6967,0.7760809883321894,0.8225847381043062
UMAP,Agglomerative,4,3396,2396,0.9382238023161674,0.9395452145726272
UMAP,Agglomerative,4,3396,5012,0.6329539711034038,0.7620814162190528
UMAP,Agglomerative,4,3396,8247,0.7643187005679707,0.7670739114935696
UMAP,Agglomerative,4,3396,5812,0.616914600071377,0.7305333486578175
UMAP,Agglomerative,4,3396,5008,0.8679278642149929,0.8646074782611323
UMAP,Agglomerative,4,3396,5154,0.8410875975262897,0.8399897054891747
UMAP,Agglomerative,4,3396,1022,0.5840871231797095,0.6595047567458743
UMAP,Agglomerative,4,6140,6967,0.5680289012921477,0.6859538705340662
UMAP,Agglomerative,4,6140,2396,0.6727375428053646,0.7222821446246369
UMAP,Agglomerative,4,6140,5012,0.6586652270419012,0.7102948411008839
UMAP,Agglomerative,4,6140,8247,0.7476381749022438,0.8036989066885611
UMAP,Agglomerative,4,6140,5812,0.6441273200390661,0.6955258316680033
UMAP,Agglomerative,4,6140,5008,0.6536688209331651,0.7309464010962987
UMAP,Agglomerative,4,6140,5154,0.7024866914182544,0.7828180757114626
UMAP,Agglomerative,4,6140,1022,0.8932663569407814,0.9163138789912647
UMAP,Agglomerative,4,6967,2396,0.7549816614360797,0.8096911525846743
UMAP,Agglomerative,4,6967,5012,0.6491862906854657,0.8048952965411091
UMAP,Agglomerative,4,6967,8247,0.7646422060164084,0.8136741954782365
UMAP,Agglomerative,4,6967,5812,0.6305561278963043,0.7708825621527189
UMAP,Agglomerative,4,6967,5008,0.8401214651736573,0.863067569527264
UMAP,Agglomerative,4,6967,5154,0.8476161060257202,0.8706330943967022
UMAP,Agglomerative,4,6967,1022,0.6595985569542524,0.7695685540468106
UMAP,Agglomerative,4,2396,5012,0.575636267333991,0.6994585550476473
UMAP,Agglomerative,4,2396,8247,0.8249436338360533,0.825580493244739
UMAP,Agglomerative,4,2396,5812,0.5597885159887817,0.6676486358685391
UMAP,Agglomerative,4,2396,5008,0.8140394567882019,0.8059995537263573
UMAP,Agglomerative,4,2396,5154,0.8999178193980701,0.8995944047471774
UMAP,Agglomerative,4,2396,1022,0.5707632844912159,0.6593373249398538
UMAP,Agglomerative,4,5012,8247,0.5954365848437689,0.7207723324319316
UMAP,Agglomerative,4,5012,5812,0.9345930853918858,0.9249996741875891
UMAP,Agglomerative,4,5012,5008,0.6409851229476605,0.7776713804781313
UMAP,Agglomerative,4,5012,5154,0.585527496219252,0.7143649098178785
UMAP,Agglomerative,4,5012,1022,0.7061915079088036,0.7892962956483859
UMAP,Agglomerative,4,8247,5812,0.5779384952338574,0.6881573532229118
UMAP,Agglomerative,4,8247,5008,0.881189861534851,0.8808282555396797
UMAP,Agglomerative,4,8247,5154,0.9134667856245723,0.9210653242238107
UMAP,Agglomerative,4,8247,1022,0.6406011373833053,0.7201412127625051
UMAP,Agglomerative,4,5812,5008,0.6234479970740534,0.7451064363521616
UMAP,Agglomerative,4,5812,5154,0.5682820761950554,0.681378512809246
UMAP,Agglomerative,4,5812,1022,0.68996559068991,0.7738041256773253
UMAP,Agglomerative,4,5008,5154,0.911968376709562,0.9035662953916868
UMAP,Agglomerative,4,5008,1022,0.6232483572163724,0.6954146145793066
UMAP,Agglomerative,4,5154,1022,0.5971878768061147,0.6983915884299075
UMAP,Spectral,4,7954,3857,0.7335158841805147,0.7396528970953652
UMAP,Spectral,4,7954,5361,0.8431355023239184,0.8664099160969236
UMAP,Spectral,4,7954,5812,0.7881390593047035,0.791072676806963
UMAP,Spectral,4,7954,8700,0.851852962341089,0.8503661766890355
UMAP,Spectral,4,7954,3735,0.8091253087212332,0.8233220569067277
UMAP,Spectral,4,7954,1382,0.735624034450075,0.8145515507524175
UMAP,Spectral,4,7954,5123,0.7563971031985516,0.7545218594784799
UMAP,Spectral,4,7954,5315,0.6850715746421268,0.7203855357550507
UMAP,Spectral,4,7954,4031,0.8359778765073896,0.8460471185707772
UMAP,Spectral,4,3857,5361,0.8721925834186772,0.8666626468857048
UMAP,Spectral,4,3857,5812,0.8667756436452799,0.8824116157765919
UMAP,Spectral,4,3857,8700,0.8649115588648856,0.8526699546465132
UMAP,Spectral,4,3857,3735,0.840251235019151,0.8475672056359134
UMAP,Spectral,4,3857,1382,0.6230705708579699,0.7091222055628045
UMAP,Spectral,4,3857,5123,0.9666231155778895,0.9633817133145851
UMAP,Spectral,4,3857,5315,0.8030241111565182,0.8102417784752606
UMAP,Spectral,4,3857,4031,0.6974977199838134,0.7112363110203369
UMAP,Spectral,4,5361,5812,0.8236245954692557,0.8553669023670514
UMAP,Spectral,4,5361,8700,0.8830433647433007,0.8695777282918149
UMAP,Spectral,4,5361,3735,0.8426554617830588,0.8873513686201461
UMAP,Spectral,4,5361,1382,0.6466010352896684,0.7552826618511547
UMAP,Spectral,4,5361,5123,0.8420298507462687,0.8474909460532787
UMAP,Spectral,4,5361,5315,0.7637540453074434,0.783972313644043
UMAP,Spectral,4,5361,4031,0.7546100308531247,0.8025795862891614
UMAP,Spectral,4,5812,8700,0.8697068403908795,0.8830195650020157
UMAP,Spectral,4,5812,3735,0.9729175215428806,0.9655047376135945
UMAP,Spectral,4,5812,1382,0.6732873935954601,0.7541430862117477
UMAP,Spectral,4,5812,5123,0.8967213114754098,0.9017894171754783
UMAP,Spectral,4,5812,5315,0.8666666666666667,0.8665572337072147
UMAP,Spectral,4,5812,4031,0.80623973727422,0.7952401742800542
UMAP,Spectral,4,8700,3735,0.843266253869969,0.848107268344939
UMAP,Spectral,4,8700,1382,0.6974089957827314,0.7989431903403104
UMAP,Spectral,4,8700,5123,0.8345283396755457,0.8292045902515681
UMAP,Spectral,4,8700,5315,0.757328990228013,0.78615280757203
UMAP,Spectral,4,8700,4031,0.8131454155934814,0.8313828299205785
UMAP,Spectral,4,3735,1382,0.6474887968693619,0.7188996810637627
UMAP,Spectral,4,3735,5123,0.8700403632694248,0.8670349055433941
UMAP,Spectral,4,3735,5315,0.8399671727533853,0.8318096369196876
UMAP,Spectral,4,3735,4031,0.8305326290638512,0.8284749691425393
UMAP,Spectral,4,1382,5123,0.6309371884346959,0.7124596041274366
UMAP,Spectral,4,1382,5315,0.627888123226591,0.7247941878325431
UMAP,Spectral,4,1382,4031,0.696691011269614,0.7520552947780043
UMAP,Spectral,4,5123,5315,0.8311475409836065,0.8291967009964812
UMAP,Spectral,4,5123,4031,0.720351302241066,0.7244347454739303
UMAP,Spectral,4,5315,4031,0.8095238095238095,0.8125190570325753
UMAP,KMeans,5,4893,2687,0.8897671512915346,0.8949953631114487
UMAP,KMeans,5,4893,4881,0.8898902594012519,0.908743059796693
UMAP,KMeans,5,4893,5315,0.8052713667949027,0.8188706788434867
UMAP,KMeans,5,4893,2407,0.9017199590499829,0.8973965306951276
UMAP,KMeans,5,4893,5791,0.8659351262646716,0.8671267858944643
UMAP,KMeans,5,4893,3069,0.8369159652504116,0.8374081363958128
UMAP,KMeans,5,4893,7287,0.8432908797988871,0.8497730667991218
UMAP,KMeans,5,4893,2699,0.7806993020163775,0.7907220806704162
UMAP,KMeans,5,4893,2906,0.6432094010810863,0.7353096953944884
UMAP,KMeans,5,2687,4881,0.919721787145929,0.9139610727814731
UMAP,KMeans,5,2687,5315,0.7962330646620646,0.8093308750102111
UMAP,KMeans,5,2687,2407,0.9372102241862786,0.9404902899140677
UMAP,KMeans,5,2687,5791,0.9473469604836279,0.9429540834065471
UMAP,KMeans,5,2687,3069,0.8949933265960925,0.8961004137114581
UMAP,KMeans,5,2687,7287,0.8517832056382589,0.8521477243044042
UMAP,KMeans,5,2687,2699,0.8156674380772616,0.8254057795765183
UMAP,KMeans,5,2687,2906,0.6309540580965598,0.7244576004771727
UMAP,KMeans,5,4881,5315,0.8175892985721829,0.8225365516138993
UMAP,KMeans,5,4881,2407,0.8859646807275031,0.8835466578455802
UMAP,KMeans,5,4881,5791,0.9206323909093806,0.9142640922696841
UMAP,KMeans,5,4881,3069,0.8703204377744699,0.8679489427482971
UMAP,KMeans,5,4881,7287,0.8290280814212637,0.8348214747005392
UMAP,KMeans,5,4881,2699,0.7909463354341699,0.7938468623457976
UMAP,KMeans,5,4881,2906,0.6410922436045979,0.7267707704199048
UMAP,KMeans,5,5315,2407,0.7649106144757062,0.7759354803597552
UMAP,KMeans,5,5315,5791,0.841316202844554,0.8503076610653642
UMAP,KMeans,5,5315,3069,0.8350605293051102,0.8379760911156409
UMAP,KMeans,5,5315,7287,0.8607115157006406,0.8663591979922732
UMAP,KMeans,5,5315,2699,0.9710648320420667,0.9709051111960503
UMAP,KMeans,5,5315,2906,0.7638536596237585,0.8188293096910928
UMAP,KMeans,5,2407,5791,0.9133776375398825,0.9126240547706521
UMAP,KMeans,5,2407,3069,0.861412303085879,0.8656339357821172
UMAP,KMeans,5,2407,7287,0.820293699890831,0.8222172482583372
UMAP,KMeans,5,2407,2699,0.7823574991382333,0.7913747975045753
UMAP,KMeans,5,2407,2906,0.6312027151451584,0.7388115415647913
UMAP,KMeans,5,5791,3069,0.8939786825338989,0.8855820763949251
UMAP,KMeans,5,5791,7287,0.8737048009185105,0.8589438497161668
UMAP,KMeans,5,5791,2699,0.8626315958003195,0.8669987635788513
UMAP,KMeans,5,5791,2906,0.6375369355297302,0.7158044374465091
UMAP,KMeans,5,3069,7287,0.9475263781540122,0.9429172810838988
UMAP,KMeans,5,3069,2699,0.8582366258708698,0.8552408868788891
UMAP,KMeans,5,3069,2906,0.6589573630916319,0.7488197086531344
UMAP,KMeans,5,7287,2699,0.8838988933613527,0.8836247846350527
UMAP,KMeans,5,7287,2906,0.702026750130012,0.7857100162546323
UMAP,KMeans,5,2699,2906,0.7387944088911939,0.8045574794331436
UMAP,GMM,5,3847,7954,0.7087184554139213,0.8192016537337837
UMAP,GMM,5,3847,9513,0.7087184554139213,0.8192016537337837
UMAP,GMM,5,3847,1022,0.5007659781259167,0.6859675615176148
UMAP,GMM,5,3847,4881,0.7101416861433859,0.7910553170285647
UMAP,GMM,5,3847,3881,0.5545196607276927,0.7012027281025681
UMAP,GMM,5,3847,8146,0.7133427552387254,0.798917137628283
UMAP,GMM,5,3847,8716,0.4820413223003348,0.6824745158928277
UMAP,GMM,5,3847,9149,0.7155810661262316,0.807643165133751
UMAP,GMM,5,3847,4861,0.6988310390398436,0.7897345976022071
UMAP,GMM,5,7954,9513,1.0,1.0
UMAP,GMM,5,7954,1022,0.6150035790980672,0.7410839247612607
UMAP,GMM,5,7954,4881,0.7778131882515636,0.8091203471782932
UMAP,GMM,5,7954,3881,0.5617673579801623,0.721169303626843
UMAP,GMM,5,7954,8146,0.9113488642201425,0.9079002233014246
UMAP,GMM,5,7954,8716,0.43097967285069577,0.6662840346955362
UMAP,GMM,5,7954,9149,0.8633391270870252,0.8888923044085087
UMAP,GMM,5,7954,4861,0.7961534804905739,0.8378054776732223
UMAP,GMM,5,9513,1022,0.6150035790980672,0.7410839247612607
UMAP,GMM,5,9513,4881,0.7778131882515636,0.8091203471782931
UMAP,GMM,5,9513,3881,0.5617673579801623,0.721169303626843
UMAP,GMM,5,9513,8146,0.9113488642201425,0.9079002233014246
UMAP,GMM,5,9513,8716,0.43097967285069577,0.6662840346955361
UMAP,GMM,5,9513,9149,0.8633391270870252,0.8888923044085087
UMAP,GMM,5,9513,4861,0.7961534804905739,0.8378054776732223
UMAP,GMM,5,1022,4881,0.5913782332358609,0.7198122085970059
UMAP,GMM,5,1022,3881,0.5833736423860957,0.7258359144277418
UMAP,GMM,5,1022,8146,0.6397848844558335,0.7704532590505524
UMAP,GMM,5,1022,8716,0.5835693816591141,0.7251309894012676
UMAP,GMM,5,1022,9149,0.6409249856364161,0.7561157385388494
UMAP,GMM,5,1022,4861,0.6382523819252804,0.7561993532450719
UMAP,GMM,5,4881,3881,0.5708775687357748,0.7093344379959667
UMAP,GMM,5,4881,8146,0.7863372790119284,0.8124923452626652
UMAP,GMM,5,4881,8716,0.4259122828286596,0.6435257152214585
UMAP,GMM,5,4881,9149,0.804742481548292,0.8295266644499094
UMAP,GMM,5,4881,4861,0.7943260667290788,0.8277906330883765
UMAP,GMM,5,3881,8146,0.5961774218029399,0.74841157515799
UMAP,GMM,5,3881,8716,0.5450672827610127,0.6972448416676285
UMAP,GMM,5,3881,9149,0.6233708851412864,0.7738172629181183
UMAP,GMM,5,3881,4861,0.5945251301904392,0.7530242856215892
UMAP,GMM,5,8146,8716,0.434673610766519,0.6488292685181063
UMAP,GMM,5,8146,9149,0.8684207536924661,0.8770090259623218
UMAP,GMM,5,8146,4861,0.8046108035696254,0.8189453687700027
UMAP,GMM,5,8716,9149,0.460394236560502,0.6798751837882664
UMAP,GMM,5,8716,4861,0.4907754219368832,0.6941717754285707
UMAP,GMM,5,9149,4861,0.9188978389255101,0.9232888645372866
UMAP,Agglomerative,5,2396,9149,0.7852082886113672,0.8351630216812496
UMAP,Agglomerative,5,2396,6384,0.74128443133333,0.7511289130799622
UMAP,Agglomerative,5,2396,3336,0.6176646807288018,0.7740433226362382
UMAP,Agglomerative,5,2396,3210,0.8473806337272242,0.8613591748052334
UMAP,Agglomerative,5,2396,3255,0.6714226286649368,0.7444484592505592
UMAP,Agglomerative,5,2396,3812,0.781697476392351,0.8400106479093121
UMAP,Agglomerative,5,2396,2906,0.8230550648951693,0.8568565505773481
UMAP,Agglomerative,5,2396,8476,0.6535006416654784,0.8052749367156181
UMAP,Agglomerative,5,2396,2299,0.953746986724232,0.9429444809483436
UMAP,Agglomerative,5,9149,6384,0.6806179861961139,0.7250942698696771
UMAP,Agglomerative,5,9149,3336,0.6885820427213692,0.8230630398370363
UMAP,Agglomerative,5,9149,3210,0.8046794523626692,0.810505511579283
UMAP,Agglomerative,5,9149,3255,0.7021623634675127,0.7487969523916905
UMAP,Agglomerative,5,9149,3812,0.864077488882881,0.8897778756435515
UMAP,Agglomerative,5,9149,2906,0.7705021249803242,0.7918630845873014
UMAP,Agglomerative,5,9149,8476,0.6097983045893014,0.7519218550742159
UMAP,Agglomerative,5,9149,2299,0.7846352023801065,0.8505044422295615
UMAP,Agglomerative,5,6384,3336,0.4721866044107054,0.6440526589672272
UMAP,Agglomerative,5,6384,3210,0.6841103516024722,0.7230197398113621
UMAP,Agglomerative,5,6384,3255,0.5375728495232603,0.628339468554013
UMAP,Agglomerative,5,6384,3812,0.6890795695418229,0.7527813814071928
UMAP,Agglomerative,5,6384,2906,0.6990135352144987,0.731589077551605
UMAP,Agglomerative,5,6384,8476,0.5133145923843598,0.6705390483338549
UMAP,Agglomerative,5,6384,2299,0.728129422036671,0.7432158290146186
UMAP,Agglomerative,5,3336,3210,0.5848693048963597,0.7332913604426555
UMAP,Agglomerative,5,3336,3255,0.6124274961335171,0.7163426735470512
UMAP,Agglomerative,5,3336,3812,0.659794601699465,0.7782166249473471
UMAP,Agglomerative,5,3336,2906,0.5517699460811127,0.7063311884682745
UMAP,Agglomerative,5,3336,8476,0.669953855530081,0.8104456272778966
UMAP,Agglomerative,5,3336,2299,0.6616190878387992,0.8293750615253472
UMAP,Agglomerative,5,3210,3255,0.757000759372627,0.816701652937186
UMAP,Agglomerative,5,3210,3812,0.7878440898597217,0.8201925254193068
UMAP,Agglomerative,5,3210,2906,0.9070131496556043,0.8990218873753392
UMAP,Agglomerative,5,3210,8476,0.5968837209302326,0.717432861832467
UMAP,Agglomerative,5,3210,2299,0.8042264825523066,0.826502572567514
UMAP,Agglomerative,5,3255,3812,0.7108465781295206,0.7570122556308858
UMAP,Agglomerative,5,3255,2906,0.6794831389851875,0.7400723580808218
UMAP,Agglomerative,5,3255,8476,0.660564204611963,0.7539447557464938
UMAP,Agglomerative,5,3255,2299,0.6784726014510378,0.7573279139686405
UMAP,Agglomerative,5,3812,2906,0.797069825436409,0.8481560977167937
UMAP,Agglomerative,5,3812,8476,0.6080342671914795,0.7406248201492617
UMAP,Agglomerative,5,3812,2299,0.7811288022597844,0.8395841809758104
UMAP,Agglomerative,5,2906,8476,0.5731039874902267,0.7058983873756352
UMAP,Agglomerative,5,2906,2299,0.7800950774421102,0.8150932930125026
UMAP,Agglomerative,5,8476,2299,0.7011104151244234,0.8618428900632987
UMAP,Spectral,5,5123,5793,0.8359942670979096,0.8561842299783291
UMAP,Spectral,5,5123,6140,0.8769257950530035,0.8939353065853317
UMAP,Spectral,5,5123,9149,0.8122566511652658,0.8242161198425119
UMAP,Spectral,5,5123,5170,0.85895104688009,0.86576684130966
UMAP,Spectral,5,5123,5539,0.8562631473799255,0.8726778376856066
UMAP,Spectral,5,5123,6967,0.684036263303114,0.802385226984969
UMAP,Spectral,5,5123,9682,0.8562631473799255,0.8726778376856066
UMAP,Spectral,5,5123,3050,0.8722280918088365,0.8787392513949629
UMAP,Spectral,5,5123,3097,0.8695990737311196,0.8975947383637429
UMAP,Spectral,5,5793,6140,0.8944569657698267,0.885499269826991
UMAP,Spectral,5,5793,9149,0.8358089080620631,0.8481832420111886
UMAP,Spectral,5,5793,5170,0.8116245713240111,0.8203365047507062
UMAP,Spectral,5,5793,5539,0.9705902332870304,0.9704781259630773
UMAP,Spectral,5,5793,6967,0.6643356643356644,0.7750882188515104
UMAP,Spectral,5,5793,9682,0.9193603170773414,0.913712572752547
UMAP,Spectral,5,5793,3050,0.8688581519886855,0.8673161148410802
UMAP,Spectral,5,5793,3097,0.8643770606076638,0.8558420054838256
UMAP,Spectral,5,6140,9149,0.9073510683458328,0.911071960594002
UMAP,Spectral,5,6140,5170,0.9100637845499646,0.911871657065579
UMAP,Spectral,5,6140,5539,0.920264379130924,0.9139786474843571
UMAP,Spectral,5,6140,6967,0.7084905660377359,0.8300927525255757
UMAP,Spectral,5,6140,9682,0.920264379130924,0.9139786474843572
UMAP,Spectral,5,6140,3050,0.9705240174672489,0.970476330297083
UMAP,Spectral,5,6140,3097,0.8388594164456233,0.8479560020206124
UMAP,Spectral,5,9149,5170,0.8203639684299785,0.834418709321677
UMAP,Spectral,5,9149,5539,0.8599133620557805,0.8657501428334413
UMAP,Spectral,5,9149,6967,0.7613448030936785,0.8449003103637914
UMAP,Spectral,5,9149,9682,0.8599133620557805,0.8657501428334414
UMAP,Spectral,5,9149,3050,0.8797204791617439,0.8924051350197313
UMAP,Spectral,5,9149,3097,0.7805338218145317,0.8037876150816063
UMAP,Spectral,5,5170,5539,0.833902939166097,0.847624513262238
UMAP,Spectral,5,5170,6967,0.6841106719367589,0.7998394289821635
UMAP,Spectral,5,5170,9682,0.833902939166097,0.8476245132622381
UMAP,Spectral,5,5170,3050,0.9397581116416889,0.9413082151096138
UMAP,Spectral,5,5170,3097,0.7659575712556077,0.8028696023952202
UMAP,Spectral,5,5539,6967,0.6884217132099153,0.7890651195029628
UMAP,Spectral,5,5539,9682,0.9469617600838135,0.94273110257903
UMAP,Spectral,5,5539,3050,0.8927966568204657,0.8952663575894968
UMAP,Spectral,5,5539,3097,0.8617789159157974,0.8549957132118614
UMAP,Spectral,5,6967,9682,0.6884217132099153,0.7890651195029629
UMAP,Spectral,5,6967,3050,0.6850789659778423,0.8180937492195004
UMAP,Spectral,5,6967,3097,0.6635251966664071,0.7794799907268742
UMAP,Spectral,5,9682,3050,0.8927966568204657,0.8952663575894969
UMAP,Spectral,5,9682,3097,0.8204066186388932,0.8218183124710228
UMAP,Spectral,5,3050,3097,0.817285762207547,0.8343696772834127
UMAP,KMeans,6,5123,1855,0.769353896293832,0.8289833942439627
UMAP,KMeans,6,5123,3812,0.7518306672671373,0.7896857752624
UMAP,KMeans,6,5123,8071,0.859830284289772,0.8777874125131585
UMAP,KMeans,6,5123,2396,0.7063267353131626,0.7852673521695962
UMAP,KMeans,6,5123,6047,0.7063223329513284,0.7727059268171388
UMAP,KMeans,6,5123,9181,0.8063757417603331,0.8478746228993886
UMAP,KMeans,6,5123,2111,0.7613940771971168,0.8012465151864645
UMAP,KMeans,6,5123,3653,0.791210060455132,0.8253766238857476
UMAP,KMeans,6,5123,3627,0.820038463116871,0.8625450811670375
UMAP,KMeans,6,1855,3812,0.8531668336620132,0.8849594909687095
UMAP,KMeans,6,1855,8071,0.7820445187170508,0.8268000823520839
UMAP,KMeans,6,1855,2396,0.6406069748868578,0.7531316609231827
UMAP,KMeans,6,1855,6047,0.7340496808217323,0.8079744288134563
UMAP,KMeans,6,1855,9181,0.8296949838296893,0.8620992747922589
UMAP,KMeans,6,1855,2111,0.9060809143606976,0.933215627655765
UMAP,KMeans,6,1855,3653,0.8781088090188511,0.9085640016274591
UMAP,KMeans,6,1855,3627,0.8866977603768547,0.901965807795201
UMAP,KMeans,6,3812,8071,0.8083762358599804,0.8511197463097749
UMAP,KMeans,6,3812,2396,0.6475540531921679,0.7556845731519543
UMAP,KMeans,6,3812,6047,0.8010214345967733,0.8579882641342323
UMAP,KMeans,6,3812,9181,0.856407103873963,0.8773135643493576
UMAP,KMeans,6,3812,2111,0.9423727487131692,0.9507446658823059
UMAP,KMeans,6,3812,3653,0.9140322078510175,0.9261771284858074
UMAP,KMeans,6,3812,3627,0.8836843938607654,0.901280313663919
UMAP,KMeans,6,8071,2396,0.6751068307927801,0.7710551342639589
UMAP,KMeans,6,8071,6047,0.7621405654949934,0.8481154113081315
UMAP,KMeans,6,8071,9181,0.8239829015229224,0.8607843479304543
UMAP,KMeans,6,8071,2111,0.7833215351615164,0.824288336118081
UMAP,KMeans,6,8071,3653,0.7581439447541958,0.8002510246241079
UMAP,KMeans,6,8071,3627,0.8284056899530102,0.8615131012311501
UMAP,KMeans,6,2396,6047,0.546172608591252,0.6889191219809431
UMAP,KMeans,6,2396,9181,0.6740924620286368,0.7795364454050147
UMAP,KMeans,6,2396,2111,0.671026656647605,0.7757662056642999
UMAP,KMeans,6,2396,3653,0.673946088366437,0.7772218037707173
UMAP,KMeans,6,2396,3627,0.6609738094632085,0.7742289021664653
UMAP,KMeans,6,6047,9181,0.8210531607781271,0.8718360032794844
UMAP,KMeans,6,6047,2111,0.7556562808134359,0.8204390659516714
UMAP,KMeans,6,6047,3653,0.7308464519457795,0.7963244368851536
UMAP,KMeans,6,6047,3627,0.7775217372319732,0.8392778077104462
UMAP,KMeans,6,9181,2111,0.8635714504918379,0.8881268676195151
UMAP,KMeans,6,9181,3653,0.8401772685203587,0.8738458604862878
UMAP,KMeans,6,9181,3627,0.8833187618467612,0.9105181536274887
UMAP,KMeans,6,2111,3653,0.9713884446052029,0.975512033743245
UMAP,KMeans,6,2111,3627,0.8907653805041401,0.9121268176575706
UMAP,KMeans,6,3653,3627,0.919949626149224,0.9364485000314813
UMAP,GMM,6,1238,3255,0.7627476949722378,0.8314293512665829
UMAP,GMM,6,1238,6546,0.5547857793983592,0.6962343071648555
UMAP,GMM,6,1238,8716,0.7096650961416019,0.802409325676782
UMAP,GMM,6,1238,6731,0.6518845963930494,0.7938412505907834
UMAP,GMM,6,1238,7335,0.6068326479070323,0.7541062471222892
UMAP,GMM,6,1238,4881,0.6028375788130735,0.7542365867803744
UMAP,GMM,6,1238,1813,0.6259208241001377,0.7367394069117151
UMAP,GMM,6,1238,9422,0.6351573368248113,0.7541960083791488
UMAP,GMM,6,1238,8700,0.777583043859262,0.8430087913802286
UMAP,GMM,6,3255,6546,0.5841021416803954,0.7184460386421521
UMAP,GMM,6,3255,8716,0.7104242344548727,0.8290268382006207
UMAP,GMM,6,3255,6731,0.6991946693263446,0.8378726709966843
UMAP,GMM,6,3255,7335,0.5317186851051393,0.7315830003033391
UMAP,GMM,6,3255,4881,0.719030530650455,0.8024784839356384
UMAP,GMM,6,3255,1813,0.47863479013414106,0.6682537329042584
UMAP,GMM,6,3255,9422,0.8604378955042804,0.9082871855622986
UMAP,GMM,6,3255,8700,0.7724186914181723,0.8432809637503995
UMAP,GMM,6,6546,8716,0.5102980230156389,0.6828030758191753
UMAP,GMM,6,6546,6731,0.5625525410775697,0.7444419771323212
UMAP,GMM,6,6546,7335,0.4448457904973604,0.6354996445064982
UMAP,GMM,6,6546,4881,0.5135523819035254,0.6606713854249076
UMAP,GMM,6,6546,1813,0.3637176745090414,0.5816656896560058
UMAP,GMM,6,6546,9422,0.4950392176836101,0.6697641896080306
UMAP,GMM,6,6546,8700,0.505335101499541,0.6711196569397928
UMAP,GMM,6,8716,6731,0.5417655090350189,0.7207507942408704
UMAP,GMM,6,8716,7335,0.6884655708968264,0.7981723159662869
UMAP,GMM,6,8716,4881,0.6103795152266508,0.7831316454824909
UMAP,GMM,6,8716,1813,0.6468670560611647,0.7324689706070794
UMAP,GMM,6,8716,9422,0.6728915919804369,0.7951408635324115
UMAP,GMM,6,8716,8700,0.7383811468318511,0.8265758347385347
UMAP,GMM,6,6731,7335,0.4848554796546227,0.697822693378713
UMAP,GMM,6,6731,4881,0.5853716401783481,0.7474966866330937
UMAP,GMM,6,6731,1813,0.38063737203511333,0.5932863586857688
UMAP,GMM,6,6731,9422,0.5798457267572416,0.7590025770743529
UMAP,GMM,6,6731,8700,0.5707703595782786,0.7495256531849066
UMAP,GMM,6,7335,4881,0.4638330876057768,0.7073481163639331
UMAP,GMM,6,7335,1813,0.6470717463339619,0.7795580754009781
UMAP,GMM,6,7335,9422,0.5637668926964868,0.7532580879491866
UMAP,GMM,6,7335,8700,0.5961992983848353,0.7539057385610712
UMAP,GMM,6,4881,1813,0.4395567605180755,0.6776594095789263
UMAP,GMM,6,4881,9422,0.6451350031376855,0.7601831673296844
UMAP,GMM,6,4881,8700,0.6133195453269213,0.7564006488935097
UMAP,GMM,6,1813,9422,0.5197960508267034,0.6914178537301054
UMAP,GMM,6,1813,8700,0.5516975670550712,0.6900905838285967
UMAP,GMM,6,9422,8700,0.7602193971371521,0.8303201885804943
UMAP,Agglomerative,6,4911,8700,0.697900299957149,0.7719772772124229
UMAP,Agglomerative,6,4911,2396,0.9461871491368906,0.9599176164679477
UMAP,Agglomerative,6,4911,2699,0.6479153437999907,0.7406401405574649
UMAP,Agglomerative,6,4911,5123,0.7492343993172348,0.8272120192825773
UMAP,Agglomerative,6,4911,9513,0.6850259331166179,0.7962127069097817
UMAP,Agglomerative,6,4911,9422,0.7269579595992665,0.8067302647904665
UMAP,Agglomerative,6,4911,9853,0.7600272954735007,0.8259834363229901
UMAP,Agglomerative,6,4911,3735,0.631434237932303,0.7462486764376575
UMAP,Agglomerative,6,4911,1127,0.7882707324291954,0.8335545519661267
UMAP,Agglomerative,6,8700,2396,0.7228587797192781,0.8000790297606859
UMAP,Agglomerative,6,8700,2699,0.645214812722844,0.7766597515573417
UMAP,Agglomerative,6,8700,5123,0.6301103179753407,0.7476361856557561
UMAP,Agglomerative,6,8700,9513,0.5878822933988865,0.7386025962740178
UMAP,Agglomerative,6,8700,9422,0.6544795665745757,0.7797987158641085
UMAP,Agglomerative,6,8700,9853,0.6419632168897595,0.7775605961728452
UMAP,Agglomerative,6,8700,3735,0.5759831108884674,0.7228801186484399
UMAP,Agglomerative,6,8700,1127,0.741296024618027,0.819804720291411
UMAP,Agglomerative,6,2396,2699,0.6867381298582034,0.7575602188999906
UMAP,Agglomerative,6,2396,5123,0.793785879746198,0.8480333352304512
UMAP,Agglomerative,6,2396,9513,0.6840519031530268,0.7842231205873739
UMAP,Agglomerative,6,2396,9422,0.780226966617318,0.8469469817203238
UMAP,Agglomerative,6,2396,9853,0.7889412838454518,0.8511561211259409
UMAP,Agglomerative,6,2396,3735,0.666279173001587,0.7599030224970383
UMAP,Agglomerative,6,2396,1127,0.8370723235192933,0.8725657753467067
UMAP,Agglomerative,6,2699,5123,0.7290399316095301,0.7946545604849097
UMAP,Agglomerative,6,2699,9513,0.663377436720177,0.7522148562772231
UMAP,Agglomerative,6,2699,9422,0.7492849086799109,0.8074380441666932
UMAP,Agglomerative,6,2699,9853,0.6879501618244065,0.7882988322346197
UMAP,Agglomerative,6,2699,3735,0.772138052713047,0.8280061011428757
UMAP,Agglomerative,6,2699,1127,0.6924969837583839,0.7730164586547446
UMAP,Agglomerative,6,5123,9513,0.7984168596808267,0.8454673566198254
UMAP,Agglomerative,6,5123,9422,0.7263056947090815,0.7832980074601242
UMAP,Agglomerative,6,5123,9853,0.8056801195814649,0.8565308188952485
UMAP,Agglomerative,6,5123,3735,0.7905475953857573,0.8346987898045628
UMAP,Agglomerative,6,5123,1127,0.7973406463462192,0.8610264178603975
UMAP,Agglomerative,6,9513,9422,0.652560476697433,0.7458140523234068
UMAP,Agglomerative,6,9513,9853,0.8027605828751586,0.8468528254846563
UMAP,Agglomerative,6,9513,3735,0.6945166088805952,0.7700105753746468
UMAP,Agglomerative,6,9513,1127,0.635464057437439,0.748704388061317
UMAP,Agglomerative,6,9422,9853,0.7552840724999523,0.8347691776995596
UMAP,Agglomerative,6,9422,3735,0.7116962800394583,0.7784063241630208
UMAP,Agglomerative,6,9422,1127,0.7747627187808267,0.8333138537439271
UMAP,Agglomerative,6,9853,3735,0.7537666483004959,0.8342760371921077
UMAP,Agglomerative,6,9853,1127,0.7378070792088613,0.8120640382767109
UMAP,Agglomerative,6,3735,1127,0.6743901399401593,0.777042304647613
UMAP,Spectral,6,7923,5576,0.7058767209850066,0.7919476470497762
UMAP,Spectral,6,7923,4861,0.7954924075598874,0.8681275200482064
UMAP,Spectral,6,7923,6230,0.8220572478187662,0.8600211166248006
UMAP,Spectral,6,7923,4911,0.7958130197877832,0.844717687885296
UMAP,Spectral,6,7923,1238,0.8202039993084769,0.859590606330542
UMAP,Spectral,6,7923,4176,0.822335995109464,0.8689705754698912
UMAP,Spectral,6,7923,8247,0.7751648981932894,0.8343365050677135
UMAP,Spectral,6,7923,6731,0.8098764960772711,0.8606661874764269
UMAP,Spectral,6,7923,9853,0.7991419281605325,0.8370271745673137
UMAP,Spectral,6,5576,4861,0.8267124844562703,0.8606813111140679
UMAP,Spectral,6,5576,6230,0.659388167258285,0.7672013830931872
UMAP,Spectral,6,5576,4911,0.6858314273970004,0.7844358311730184
UMAP,Spectral,6,5576,1238,0.750699384372333,0.8277461909377016
UMAP,Spectral,6,5576,4176,0.7349822577270513,0.8442135925314834
UMAP,Spectral,6,5576,8247,0.7177036014291888,0.8011894807853134
UMAP,Spectral,6,5576,6731,0.731776601170636,0.8216619815092937
UMAP,Spectral,6,5576,9853,0.6907542302120532,0.7810536139054391
UMAP,Spectral,6,4861,6230,0.7824185282486035,0.8401850671599426
UMAP,Spectral,6,4861,4911,0.7632352786180293,0.8475898457850988
UMAP,Spectral,6,4861,1238,0.7758581620962259,0.8521892797416262
UMAP,Spectral,6,4861,4176,0.7031346320461819,0.8063960961247103
UMAP,Spectral,6,4861,8247,0.7085972659914207,0.8079859947646947
UMAP,Spectral,6,4861,6731,0.7272304418684434,0.8206285011967781
UMAP,Spectral,6,4861,9853,0.8190339569389052,0.8671657412746723
UMAP,Spectral,6,6230,4911,0.7554553879855085,0.8325931916919183
UMAP,Spectral,6,6230,1238,0.7748895397064549,0.8431193450239977
UMAP,Spectral,6,6230,4176,0.7908762319556384,0.8521799006458627
UMAP,Spectral,6,6230,8247,0.7076838823826775,0.808641196959056
UMAP,Spectral,6,6230,6731,0.7217611001127257,0.8065013331005939
UMAP,Spectral,6,6230,9853,0.8638089963207659,0.8785997595456012
UMAP,Spectral,6,4911,1238,0.9063719115734721,0.9241880176707973
UMAP,Spectral,6,4911,4176,0.7444741214326274,0.8080750348889119
UMAP,Spectral,6,4911,8247,0.8795264404104183,0.8995950913027434
UMAP,Spectral,6,4911,6731,0.9137552405669794,0.9260554003395778
UMAP,Spectral,6,4911,9853,0.7552757806461177,0.8116993162516644
UMAP,Spectral,6,1238,4176,0.8003388956733756,0.8624225646331435
UMAP,Spectral,6,1238,8247,0.9155063592248406,0.9264941534738056
UMAP,Spectral,6,1238,6731,0.858635460627569,0.8864735414951257
UMAP,Spectral,6,1238,9853,0.7748080315064501,0.822243010537588
UMAP,Spectral,6,4176,8247,0.760373509432375,0.8323342618411442
UMAP,Spectral,6,4176,6731,0.8038298879087927,0.8581461229014834
UMAP,Spectral,6,4176,9853,0.7109016038450524,0.7707014161866824
UMAP,Spectral,6,8247,6731,0.8592848661882296,0.8772425396264033
UMAP,Spectral,6,8247,9853,0.7049586514331699,0.7854336483058446
UMAP,Spectral,6,6731,9853,0.7214024884041045,0.7856426238981435
MDS,KMeans,4,2981,5008,1.0,1.0
MDS,KMeans,4,2981,5793,0.8234227949649026,0.8050433634437899
MDS,KMeans,4,2981,7114,1.0,1.0
MDS,KMeans,4,2981,1159,0.8234227949649026,0.8050433634437898
MDS,KMeans,4,2981,9213,0.8234227949649026,0.8050433634437898
MDS,KMeans,4,2981,6230,1.0,1.0
MDS,KMeans,4,2981,4654,1.0,1.0000000000000002
MDS,KMeans,4,2981,3214,1.0,1.0
MDS,KMeans,4,2981,5123,0.8242808531211068,0.8036644498137427
MDS,KMeans,4,5008,5793,0.8234227949649026,0.8050433634437899
MDS,KMeans,4,5008,7114,1.0,1.0
MDS,KMeans,4,5008,1159,0.8234227949649026,0.8050433634437898
MDS,KMeans,4,5008,9213,0.8234227949649026,0.8050433634437898
MDS,KMeans,4,5008,6230,1.0,1.0
MDS,KMeans,4,5008,4654,1.0,1.0000000000000002
MDS,KMeans,4,5008,3214,1.0,1.0
MDS,KMeans,4,5008,5123,0.8242808531211068,0.8036644498137427
MDS,KMeans,4,5793,7114,0.8234227949649026,0.8050433634437898
MDS,KMeans,4,5793,1159,0.9089779686729388,0.8813203719713163
MDS,KMeans,4,5793,9213,1.0,1.0
MDS,KMeans,4,5793,6230,0.8234227949649026,0.8050433634437899
MDS,KMeans,4,5793,4654,0.8234227949649026,0.8050433634437899
MDS,KMeans,4,5793,3214,0.8234227949649026,0.8050433634437899
MDS,KMeans,4,5793,5123,0.823966618855131,0.8324772818870334
MDS,KMeans,4,7114,1159,0.8234227949649026,0.8050433634437898
MDS,KMeans,4,7114,9213,0.8234227949649026,0.8050433634437898
MDS,KMeans,4,7114,6230,1.0,1.0
MDS,KMeans,4,7114,4654,1.0,1.0000000000000002
MDS,KMeans,4,7114,3214,1.0,1.0
MDS,KMeans,4,7114,5123,0.8242808531211068,0.8036644498137429
MDS,KMeans,4,1159,9213,0.9089779686729388,0.8813203719713164
MDS,KMeans,4,1159,6230,0.8234227949649026,0.8050433634437898
MDS,KMeans,4,1159,4654,0.8234227949649026,0.8050433634437899
MDS,KMeans,4,1159,3214,0.8234227949649026,0.8050433634437898
MDS,KMeans,4,1159,5123,0.823966618855131,0.8324772818870334
MDS,KMeans,4,9213,6230,0.8234227949649026,0.8050433634437899
MDS,KMeans,4,9213,4654,0.8234227949649026,0.8050433634437899
MDS,KMeans,4,9213,3214,0.8234227949649026,0.8050433634437899
MDS,KMeans,4,9213,5123,0.823966618855131,0.8324772818870335
MDS,KMeans,4,6230,4654,1.0,1.0000000000000002
MDS,KMeans,4,6230,3214,1.0,1.0
MDS,KMeans,4,6230,5123,0.8242808531211068,0.8036644498137427
MDS,KMeans,4,4654,3214,1.0,0.9999999999999999
MDS,KMeans,4,4654,5123,0.8242808531211068,0.8036644498137426
MDS,KMeans,4,3214,5123,0.8242808531211068,0.8036644498137427
MDS,GMM,4,9213,1311,0.308727929311856,0.5225644178247874
MDS,GMM,4,9213,2407,0.308727929311856,0.5225644178247875
MDS,GMM,4,9213,8244,0.9374952397368727,0.899232333923663
MDS,GMM,4,9213,9991,0.9374952397368727,0.899232333923663
MDS,GMM,4,9213,8397,0.9374952397368727,0.899232333923663
MDS,GMM,4,9213,3210,0.9374952397368727,0.8992323339236629
MDS,GMM,4,9213,3336,0.308727929311856,0.5225644178247874
MDS,GMM,4,9213,7635,0.308727929311856,0.5225644178247874
MDS,GMM,4,9213,4893,0.5911772067686755,0.5643369027341337
MDS,GMM,4,1311,2407,1.0,1.0
MDS,GMM,4,1311,8244,0.32233914390381824,0.5724810135593784
MDS,GMM,4,1311,9991,0.32233914390381824,0.5724810135593784
MDS,GMM,4,1311,8397,0.32233914390381824,0.5724810135593784
MDS,GMM,4,1311,3210,0.32233914390381824,0.5724810135593784
MDS,GMM,4,1311,3336,1.0,1.0
MDS,GMM,4,1311,7635,1.0,1.0
MDS,GMM,4,1311,4893,0.241499390922091,0.41559282919909835
MDS,GMM,4,2407,8244,0.32233914390381824,0.5724810135593784
MDS,GMM,4,2407,9991,0.32233914390381824,0.5724810135593784
MDS,GMM,4,2407,8397,0.32233914390381824,0.5724810135593784
MDS,GMM,4,2407,3210,0.32233914390381824,0.5724810135593784
MDS,GMM,4,2407,3336,1.0,1.0
MDS,GMM,4,2407,7635,1.0,1.0
MDS,GMM,4,2407,4893,0.241499390922091,0.41559282919909835
MDS,GMM,4,8244,9991,1.0,1.0
MDS,GMM,4,8244,8397,1.0,1.0
MDS,GMM,4,8244,3210,1.0,1.0
MDS,GMM,4,8244,3336,0.32233914390381824,0.5724810135593785
MDS,GMM,4,8244,7635,0.32233914390381824,0.5724810135593785
MDS,GMM,4,8244,4893,0.5542988975146015,0.5495988153829051
MDS,GMM,4,9991,8397,1.0,1.0
MDS,GMM,4,9991,3210,1.0,1.0
MDS,GMM,4,9991,3336,0.32233914390381824,0.5724810135593785
MDS,GMM,4,9991,7635,0.32233914390381824,0.5724810135593785
MDS,GMM,4,9991,4893,0.5542988975146015,0.5495988153829051
MDS,GMM,4,8397,3210,1.0,1.0
MDS,GMM,4,8397,3336,0.32233914390381824,0.5724810135593784
MDS,GMM,4,8397,7635,0.32233914390381824,0.5724810135593784
MDS,GMM,4,8397,4893,0.5542988975146015,0.5495988153829051
MDS,GMM,4,3210,3336,0.32233914390381824,0.5724810135593784
MDS,GMM,4,3210,7635,0.32233914390381824,0.5724810135593784
MDS,GMM,4,3210,4893,0.5542988975146015,0.5495988153829051
MDS,GMM,4,3336,7635,1.0,1.0
MDS,GMM,4,3336,4893,0.241499390922091,0.4155928291990984
MDS,GMM,4,7635,4893,0.241499390922091,0.41559282919909835
MDS,Agglomerative,4,4861,8247,0.7069211327846543,0.7561432670325698
MDS,Agglomerative,4,4861,3199,0.9545990620364313,0.938667546229286
MDS,Agglomerative,4,4861,3255,0.9103487475226578,0.8962690870236358
MDS,Agglomerative,4,4861,8700,1.0,1.0
MDS,Agglomerative,4,4861,7335,0.9545990620364313,0.938667546229286
MDS,Agglomerative,4,4861,2299,0.9545990620364313,0.938667546229286
MDS,Agglomerative,4,4861,6967,1.0,1.0
MDS,Agglomerative,4,4861,3857,0.7451796129811279,0.7785524253559611
MDS,Agglomerative,4,4861,9939,0.9545990620364313,0.938667546229286
MDS,Agglomerative,4,8247,3199,0.6693243602669652,0.6992193801090201
MDS,Agglomerative,4,8247,3255,0.783497630831115,0.8047027836457189
MDS,Agglomerative,4,8247,8700,0.7069211327846543,0.75614326703257
MDS,Agglomerative,4,8247,7335,0.6693243602669652,0.6992193801090201
MDS,Agglomerative,4,8247,2299,0.6693243602669652,0.6992193801090201
MDS,Agglomerative,4,8247,6967,0.7069211327846543,0.75614326703257
MDS,Agglomerative,4,8247,3857,0.7038615167304328,0.7017562434862534
MDS,Agglomerative,4,8247,9939,0.6693243602669652,0.6992193801090201
MDS,Agglomerative,4,3199,3255,0.8671877646160431,0.8364450061687069
MDS,Agglomerative,4,3199,8700,0.9545990620364313,0.938667546229286
MDS,Agglomerative,4,3199,7335,1.0,1.0
MDS,Agglomerative,4,3199,2299,1.0,1.0
MDS,Agglomerative,4,3199,6967,0.9545990620364313,0.938667546229286
MDS,Agglomerative,4,3199,3857,0.7840731022077163,0.8039720054761453
MDS,Agglomerative,4,3199,9939,1.0,1.0
MDS,Agglomerative,4,3255,8700,0.9103487475226578,0.8962690870236358
MDS,Agglomerative,4,3255,7335,0.8671877646160431,0.8364450061687068
MDS,Agglomerative,4,3255,2299,0.8671877646160431,0.8364450061687068
MDS,Agglomerative,4,3255,6967,0.9103487475226578,0.8962690870236358
MDS,Agglomerative,4,3255,3857,0.8244173664230728,0.8318710135565266
MDS,Agglomerative,4,3255,9939,0.8671877646160431,0.8364450061687068
MDS,Agglomerative,4,8700,7335,0.9545990620364313,0.938667546229286
MDS,Agglomerative,4,8700,2299,0.9545990620364313,0.938667546229286
MDS,Agglomerative,4,8700,6967,1.0,1.0
MDS,Agglomerative,4,8700,3857,0.7451796129811279,0.7785524253559611
MDS,Agglomerative,4,8700,9939,0.9545990620364313,0.938667546229286
MDS,Agglomerative,4,7335,2299,1.0,1.0
MDS,Agglomerative,4,7335,6967,0.9545990620364313,0.938667546229286
MDS,Agglomerative,4,7335,3857,0.7840731022077163,0.8039720054761453
MDS,Agglomerative,4,7335,9939,1.0,1.0
MDS,Agglomerative,4,2299,6967,0.9545990620364313,0.938667546229286
MDS,Agglomerative,4,2299,3857,0.7840731022077163,0.8039720054761453
MDS,Agglomerative,4,2299,9939,1.0,1.0
MDS,Agglomerative,4,6967,3857,0.7451796129811279,0.7785524253559611
MDS,Agglomerative,4,6967,9939,0.9545990620364313,0.938667546229286
MDS,Agglomerative,4,3857,9939,0.7840731022077163,0.8039720054761453
MDS,Spectral,4,8146,5170,0.8020774655821185,0.8044813384461936
MDS,Spectral,4,8146,2299,0.8020774655821185,0.8044813384461934
MDS,Spectral,4,8146,3396,0.9011168631171003,0.9022039652230174
MDS,Spectral,4,8146,1382,0.7734128786005547,0.7688304058603103
MDS,Spectral,4,8146,1273,0.7851753512223275,0.773613463188634
MDS,Spectral,4,8146,3336,0.7734128786005547,0.7688304058603103
MDS,Spectral,4,8146,9153,0.773969808241534,0.7707324438086481
MDS,Spectral,4,8146,6140,0.8721872562387981,0.86611477898836
MDS,Spectral,4,8146,6230,0.8629693263255628,0.8514888286386846
MDS,Spectral,4,5170,2299,1.0,1.0
MDS,Spectral,4,5170,3396,0.7221415621638294,0.7522903104203321
MDS,Spectral,4,5170,1382,0.9659313670264302,0.9630326751071557
MDS,Spectral,4,5170,1273,0.779759971601423,0.7887318384799571
MDS,Spectral,4,5170,3336,0.9659313670264302,0.9630326751071557
MDS,Spectral,4,5170,9153,0.730879345603272,0.7521045198984323
MDS,Spectral,4,5170,6140,0.8670585777804303,0.8812246669310462
MDS,Spectral,4,5170,6230,0.8707293170647775,0.8826667760740198
MDS,Spectral,4,2299,3396,0.7221415621638294,0.7522903104203321
MDS,Spectral,4,2299,1382,0.9659313670264302,0.9630326751071561
MDS,Spectral,4,2299,1273,0.779759971601423,0.788731838479957
MDS,Spectral,4,2299,3336,0.9659313670264302,0.9630326751071558
MDS,Spectral,4,2299,9153,0.730879345603272,0.7521045198984323
MDS,Spectral,4,2299,6140,0.8670585777804303,0.8812246669310463
MDS,Spectral,4,2299,6230,0.8707293170647775,0.8826667760740198
MDS,Spectral,4,3396,1382,0.7519816402773171,0.7711731090306007
MDS,Spectral,4,3396,1273,0.768527299721627,0.7771674081774963
MDS,Spectral,4,3396,3336,0.7519816402773171,0.7711731090306007
MDS,Spectral,4,3396,9153,0.871679607682877,0.8678611943137464
MDS,Spectral,4,3396,6140,0.7882620251227013,0.7959372557541877
MDS,Spectral,4,3396,6230,0.8417663641895236,0.8466260158784893
MDS,Spectral,4,1382,1273,0.8079597836684443,0.807215683858647
MDS,Spectral,4,1382,3336,1.0,0.9999999999999999
MDS,Spectral,4,1382,9153,0.7641778865769074,0.7760310587372115
MDS,Spectral,4,1382,6140,0.8384253993962165,0.8455399266048329
MDS,Spectral,4,1382,6230,0.9016603400689333,0.9021543853404259
MDS,Spectral,4,1273,3336,0.8079597836684443,0.8072156838586471
MDS,Spectral,4,1273,9153,0.7529749692244563,0.7618436116111037
MDS,Spectral,4,1273,6140,0.8456360838998964,0.8445161320156988
MDS,Spectral,4,1273,6230,0.8395287721069428,0.830753208620668
MDS,Spectral,4,3336,9153,0.7641778865769074,0.7760310587372112
MDS,Spectral,4,3336,6140,0.8384253993962165,0.8455399266048326
MDS,Spectral,4,3336,6230,0.9016603400689333,0.9021543853404259
MDS,Spectral,4,9153,6140,0.6677471636952999,0.6783700802297311
MDS,Spectral,4,9153,6230,0.7927671678179602,0.7915858977363754
MDS,Spectral,4,6140,6230,0.8630655675794311,0.8510300096398725
MDS,KMeans,5,7368,4861,0.7991292217948176,0.7948825424721061
MDS,KMeans,5,7368,3214,0.8044574729490882,0.779846145147883
MDS,KMeans,5,7368,5012,0.8044574729490882,0.779846145147883
MDS,KMeans,5,7368,7287,0.8044574729490882,0.779846145147883
MDS,KMeans,5,7368,9361,0.6833921911818367,0.6755535757319554
MDS,KMeans,5,7368,5812,0.8286342791544707,0.8348788677434725
MDS,KMeans,5,7368,4031,0.7887171337763652,0.8098250954440677
MDS,KMeans,5,7368,8476,0.9688081012292641,0.95760604248818
MDS,KMeans,5,7368,3199,0.8693296735047674,0.8847307539573289
MDS,KMeans,5,4861,3214,0.7059170087406335,0.6988034200213652
MDS,KMeans,5,4861,5012,0.7059170087406335,0.6988034200213652
MDS,KMeans,5,4861,7287,0.7059170087406335,0.6988034200213652
MDS,KMeans,5,4861,9361,0.8264451085366726,0.8042672256463326
MDS,KMeans,5,4861,5812,0.9698615499785852,0.9582399253578008
MDS,KMeans,5,4861,4031,0.9258299461288628,0.908568335525023
MDS,KMeans,5,4861,8476,0.829427622762908,0.8387752469949973
MDS,KMeans,5,4861,3199,0.9258299461288628,0.908568335525023
MDS,KMeans,5,3214,5012,1.0,1.0
MDS,KMeans,5,3214,7287,1.0,1.0
MDS,KMeans,5,3214,9361,0.8736995843261011,0.900454451075935
MDS,KMeans,5,3214,5812,0.686758506657456,0.6883800402927591
MDS,KMeans,5,3214,4031,0.6879908149267381,0.6767154359716699
MDS,KMeans,5,3214,8476,0.8270028100246979,0.7918514844176168
MDS,KMeans,5,3214,3199,0.6879908149267381,0.6767154359716699
MDS,KMeans,5,5012,7287,1.0,1.0
MDS,KMeans,5,5012,9361,0.8736995843261011,0.900454451075935
MDS,KMeans,5,5012,5812,0.686758506657456,0.6883800402927591
MDS,KMeans,5,5012,4031,0.6879908149267381,0.6767154359716699
MDS,KMeans,5,5012,8476,0.8270028100246979,0.7918514844176167
MDS,KMeans,5,5012,3199,0.6879908149267381,0.6767154359716699
MDS,KMeans,5,7287,9361,0.8736995843261011,0.900454451075935
MDS,KMeans,5,7287,5812,0.686758506657456,0.6883800402927591
MDS,KMeans,5,7287,4031,0.6879908149267381,0.6767154359716699
MDS,KMeans,5,7287,8476,0.8270028100246979,0.7918514844176167
MDS,KMeans,5,7287,3199,0.6879908149267381,0.6767154359716699
MDS,KMeans,5,9361,5812,0.8063406662601658,0.7949079678602403
MDS,KMeans,5,9361,4031,0.8078517349527558,0.7831253939262288
MDS,KMeans,5,9361,8476,0.7049110378892132,0.6885197928801284
MDS,KMeans,5,9361,3199,0.8078517349527558,0.7831253939262288
MDS,KMeans,5,5812,4031,0.9549486370934979,0.9494710482763161
MDS,KMeans,5,5812,8476,0.8002970647632607,0.7952042736092998
MDS,KMeans,5,5812,3199,0.9549486370934979,0.9494710482763161
MDS,KMeans,5,4031,8476,0.7613893892730548,0.77076378653447
MDS,KMeans,5,4031,3199,0.9110516830416836,0.8993975189546526
MDS,KMeans,5,8476,3199,0.8411441687489104,0.8446078963585868
MDS,GMM,5,3735,5170,0.9117433613387298,0.9145395814841494
MDS,GMM,5,3735,5793,0.8545876173837712,0.8149545208053678
MDS,GMM,5,3735,7114,1.0,1.0
MDS,GMM,5,3735,3069,0.5950669523639971,0.6325056620876806
MDS,GMM,5,3735,9181,0.95542886967921,0.9493822062661734
MDS,GMM,5,3735,2396,0.6230672283039885,0.6380860449786223
MDS,GMM,5,3735,5154,0.8697591095739398,0.8646525101529247
MDS,GMM,5,3735,4031,0.95542886967921,0.9493822062661734
MDS,GMM,5,3735,4459,0.8545876173837712,0.8149545208053678
MDS,GMM,5,5170,5793,0.7750562545329066,0.7553960748352528
MDS,GMM,5,5170,7114,0.9117433613387298,0.9145395814841494
MDS,GMM,5,5170,3069,0.6678107281646174,0.6777971551605653
MDS,GMM,5,5170,9181,0.8698544403306792,0.8851979193042532
MDS,GMM,5,5170,2396,0.6981835118770378,0.6949773035239719
MDS,GMM,5,5170,5154,0.9551373551972209,0.9496152904507801
MDS,GMM,5,5170,4031,0.8698544403306792,0.8851979193042532
MDS,GMM,5,5170,4459,0.7750562545329066,0.7553960748352528
MDS,GMM,5,5793,7114,0.8545876173837712,0.8149545208053679
MDS,GMM,5,5793,3069,0.5205645575801188,0.59041120063847
MDS,GMM,5,5793,9181,0.8961962872674921,0.8624829840892628
MDS,GMM,5,5793,2396,0.6104672643357705,0.645072206383845
MDS,GMM,5,5793,5154,0.8141886804285428,0.7823704993127907
MDS,GMM,5,5793,4031,0.8961962872674921,0.8624829840892628
MDS,GMM,5,5793,4459,0.9129233783679936,0.9074677898547795
MDS,GMM,5,7114,3069,0.5950669523639971,0.6325056620876806
MDS,GMM,5,7114,9181,0.95542886967921,0.9493822062661734
MDS,GMM,5,7114,2396,0.6230672283039885,0.6380860449786223
MDS,GMM,5,7114,5154,0.8697591095739398,0.8646525101529247
MDS,GMM,5,7114,4031,0.95542886967921,0.9493822062661734
MDS,GMM,5,7114,4459,0.8545876173837712,0.8149545208053679
MDS,GMM,5,3069,9181,0.5608728092456184,0.6127911670963813
MDS,GMM,5,3069,2396,0.8650928937820593,0.8705218262165444
MDS,GMM,5,3069,5154,0.6307190686542844,0.6540417618256086
MDS,GMM,5,3069,4031,0.5608728092456184,0.6127911670963813
MDS,GMM,5,3069,4459,0.5882189483693557,0.656566067407127
MDS,GMM,5,9181,2396,0.6606424710729919,0.6730337340538437
MDS,GMM,5,9181,5154,0.912031624525622,0.9143566832323841
MDS,GMM,5,9181,4031,1.0,1.0
MDS,GMM,5,9181,4459,0.8110240101536396,0.7662822883811797
MDS,GMM,5,2396,5154,0.7382010032934802,0.7308161194681719
MDS,GMM,5,2396,4031,0.6606424710729919,0.6730337340538437
MDS,GMM,5,2396,4459,0.6104672643357705,0.6450722063838451
MDS,GMM,5,5154,4031,0.912031624525622,0.9143566832323841
MDS,GMM,5,5154,4459,0.7339823554336691,0.7075702862133036
MDS,GMM,5,4031,4459,0.8110240101536396,0.7662822883811797
MDS,Agglomerative,5,1382,6140,0.6251771695585485,0.6912376290721252
MDS,Agglomerative,5,1382,5812,0.8543754775495528,0.8350763411098628
MDS,Agglomerative,5,1382,6230,0.8124558306737617,0.8222862557742434
MDS,Agglomerative,5,1382,8244,0.9401899282792806,0.934021819583402
MDS,Agglomerative,5,1382,3210,1.0,1.0
MDS,Agglomerative,5,1382,4654,0.9401899282792806,0.934021819583402
MDS,Agglomerative,5,1382,4031,0.8422229262914911,0.8486558384756621
MDS,Agglomerative,5,1382,3214,0.5291626648039814,0.6793589205049814
MDS,Agglomerative,5,1382,1273,0.7729250043500957,0.7736044206590991
MDS,Agglomerative,5,6140,5812,0.6809118305549902,0.7621836814541733
MDS,Agglomerative,5,6140,6230,0.7890318035693024,0.8202645990140695
MDS,Agglomerative,5,6140,8244,0.6809118305549902,0.7621836814541733
MDS,Agglomerative,5,6140,3210,0.6251771695585485,0.6912376290721252
MDS,Agglomerative,5,6140,4654,0.6809118305549902,0.7621836814541733
MDS,Agglomerative,5,6140,4031,0.668928912530178,0.7490640891395219
MDS,Agglomerative,5,6140,3214,0.41754747402364745,0.6011862531155054
MDS,Agglomerative,5,6140,1273,0.8289075031188736,0.8667954206137193
MDS,Agglomerative,5,5812,6230,0.7913248723740793,0.8192990635194991
MDS,Agglomerative,5,5812,8244,0.9131149885583524,0.9033569544410794
MDS,Agglomerative,5,5812,3210,0.8543754775495528,0.8350763411098628
MDS,Agglomerative,5,5812,4654,0.9131149885583524,0.9033569544410794
MDS,Agglomerative,5,5812,4031,0.8957525539271702,0.886107799172288
MDS,Agglomerative,5,5812,3214,0.5250852411105699,0.6949114930575191
MDS,Agglomerative,5,5812,1273,0.8307176864750485,0.8430028310201444
MDS,Agglomerative,5,6230,8244,0.8708201590887158,0.8904375558682383
MDS,Agglomerative,5,6230,3210,0.8124558306737617,0.8222862557742434
MDS,Agglomerative,5,6230,4654,0.8708201590887158,0.8904375558682383
MDS,Agglomerative,5,6230,4031,0.776593148740952,0.804330835873729
MDS,Agglomerative,5,6230,3214,0.550346273517046,0.6894203238392651
MDS,Agglomerative,5,6230,1273,0.9553888494318182,0.9518635193546962
MDS,Agglomerative,5,8244,3210,0.9401899282792806,0.934021819583402
MDS,Agglomerative,5,8244,4654,1.0,1.0
MDS,Agglomerative,5,8244,4031,0.8957525539271702,0.886107799172288
MDS,Agglomerative,5,8244,3214,0.5835362883584998,0.7506348254500431
MDS,Agglomerative,5,8244,1273,0.8307176864750485,0.8430028310201444
MDS,Agglomerative,5,3210,4654,0.9401899282792806,0.934021819583402
MDS,Agglomerative,5,3210,4031,0.8422229262914911,0.8486558384756621
MDS,Agglomerative,5,3210,3214,0.5291626648039814,0.6793589205049814
MDS,Agglomerative,5,3210,1273,0.7729250043500957,0.7736044206590991
MDS,Agglomerative,5,4654,4031,0.8957525539271702,0.886107799172288
MDS,Agglomerative,5,4654,3214,0.5835362883584998,0.7506348254500431
MDS,Agglomerative,5,4654,1273,0.8307176864750485,0.8430028310201444
MDS,Agglomerative,5,4031,3214,0.5692768726727868,0.7056389788821198
MDS,Agglomerative,5,4031,1273,0.8151032395870417,0.827345610225086
MDS,Agglomerative,5,3214,1273,0.5225694444444444,0.6772917553462012
MDS,Spectral,5,9213,2299,0.8077708058437675,0.8315890161096504
MDS,Spectral,5,9213,9682,0.9446954482635218,0.942041262394028
MDS,Spectral,5,9213,7954,0.7846027294291175,0.8173420868179877
MDS,Spectral,5,9213,4031,0.8409570423364856,0.8757478563391676
MDS,Spectral,5,9213,2687,0.8429100197485898,0.8619215210738121
MDS,Spectral,5,9213,5012,0.7960905838595645,0.8168243953756148
MDS,Spectral,5,9213,8071,0.8229470337925971,0.835246974623398
MDS,Spectral,5,9213,8095,0.8571967783195625,0.854830606260875
MDS,Spectral,5,9213,4911,0.8538621637078658,0.8644604398335551
MDS,Spectral,5,2299,9682,0.8327606010840777,0.8596690802017319
MDS,Spectral,5,2299,7954,0.7500500400320256,0.7978664085134184
MDS,Spectral,5,2299,4031,0.8318719765031098,0.8703835015159274
MDS,Spectral,5,2299,2687,0.9343378951885938,0.9400859892535081
MDS,Spectral,5,2299,5012,0.8793677799382363,0.8826693972848826
MDS,Spectral,5,2299,8071,0.84671879042226,0.8634595762580892
MDS,Spectral,5,2299,8095,0.8135270149054336,0.8332280144698216
MDS,Spectral,5,2299,4911,0.8083991061240016,0.8320114015766776
MDS,Spectral,5,9682,7954,0.7597123781631488,0.7994757477666571
MDS,Spectral,5,9682,4031,0.8679461503036274,0.9043547643463893
MDS,Spectral,5,9682,2687,0.896550500810047,0.9192282057721965
MDS,Spectral,5,9682,5012,0.8458712863915018,0.8627225557938571
MDS,Spectral,5,9682,8071,0.8768327191600676,0.8924927406200518
MDS,Spectral,5,9682,8095,0.9108677878101967,0.9121596178725752
MDS,Spectral,5,9682,4911,0.9035299250620552,0.9104637397294109
MDS,Spectral,5,7954,4031,0.8838578549191037,0.8943523303777695
MDS,Spectral,5,7954,2687,0.6970560473027124,0.7566579220683746
MDS,Spectral,5,7954,5012,0.6501326953986469,0.7115750667749037
MDS,Spectral,5,7954,8071,0.6512114738435444,0.7067752502411152
MDS,Spectral,5,7954,8095,0.6805229102923016,0.7250391794549995
MDS,Spectral,5,7954,4911,0.7525861073867218,0.8039576743722309
MDS,Spectral,5,4031,2687,0.7743584225533975,0.8262259394277205
MDS,Spectral,5,4031,5012,0.723194554223864,0.7699171636418156
MDS,Spectral,5,4031,8071,0.7577271105633574,0.8110288975247836
MDS,Spectral,5,4031,8095,0.7868228530208171,0.8293890534230496
MDS,Spectral,5,4031,4911,0.7779148673658236,0.8168283224481399
MDS,Spectral,5,2687,5012,0.9451815704643003,0.9425286010321549
MDS,Spectral,5,2687,8071,0.9071932400014322,0.9115233225003038
MDS,Spectral,5,2687,8095,0.8738685194320458,0.8813250136378145
MDS,Spectral,5,2687,4911,0.8704652471347766,0.8909668785002426
MDS,Spectral,5,5012,8071,0.8541078463999313,0.8546477059671123
MDS,Spectral,5,5012,8095,0.8229404081138056,0.8249164449487731
MDS,Spectral,5,5012,4911,0.8216318448601948,0.8453141311745637
MDS,Spectral,5,8071,8095,0.9642098399653204,0.9694627313368304
MDS,Spectral,5,8071,4911,0.785044893879081,0.8045565795515679
MDS,Spectral,5,8095,4911,0.8175875689306235,0.8237247268844573
MDS,KMeans,6,2694,2687,1.0,1.0
MDS,KMeans,6,2694,9213,0.6856868856389355,0.72492342540997
MDS,KMeans,6,2694,8244,0.7407568837764597,0.7581549386367583
MDS,KMeans,6,2694,1813,1.0,1.0
MDS,KMeans,6,2694,9496,0.9137961490902667,0.9283785545631927
MDS,KMeans,6,2694,7954,0.9474711623779947,0.92693138639215
MDS,KMeans,6,2694,5361,0.9419114897971231,0.9256236939935903
MDS,KMeans,6,2694,9387,0.8732022307014969,0.9040951686530285
MDS,KMeans,6,2694,8091,0.9419114897971231,0.9256236939935903
MDS,KMeans,6,2687,9213,0.6856868856389355,0.72492342540997
MDS,KMeans,6,2687,8244,0.7407568837764597,0.7581549386367583
MDS,KMeans,6,2687,1813,1.0,1.0
MDS,KMeans,6,2687,9496,0.9137961490902667,0.9283785545631927
MDS,KMeans,6,2687,7954,0.9474711623779947,0.92693138639215
MDS,KMeans,6,2687,5361,0.9419114897971231,0.9256236939935903
MDS,KMeans,6,2687,9387,0.8732022307014969,0.9040951686530285
MDS,KMeans,6,2687,8091,0.9419114897971231,0.9256236939935903
MDS,KMeans,6,9213,8244,0.780357935216684,0.8259531111546131
MDS,KMeans,6,9213,1813,0.6856868856389355,0.72492342540997
MDS,KMeans,6,9213,9496,0.7574066122799484,0.7740737565978385
MDS,KMeans,6,9213,7954,0.656916806521218,0.7196216148922966
MDS,KMeans,6,9213,5361,0.643337461925696,0.6927590951475989
MDS,KMeans,6,9213,9387,0.795308661542119,0.8142311591159453
MDS,KMeans,6,9213,8091,0.643337461925696,0.6927590951475989
MDS,KMeans,6,8244,1813,0.7407568837764597,0.7581549386367583
MDS,KMeans,6,8244,9496,0.8218353677195607,0.812920382833644
MDS,KMeans,6,8244,7954,0.7121036972464894,0.7388483703001599
MDS,KMeans,6,8244,5361,0.7029799148115177,0.7149445177156238
MDS,KMeans,6,8244,9387,0.8642883620987554,0.8566629119764759
MDS,KMeans,6,8244,8091,0.7029799148115177,0.7149445177156238
MDS,KMeans,6,1813,9496,0.9137961490902667,0.9283785545631927
MDS,KMeans,6,1813,7954,0.9474711623779947,0.92693138639215
MDS,KMeans,6,1813,5361,0.9419114897971231,0.9256236939935903
MDS,KMeans,6,1813,9387,0.8732022307014969,0.9040951686530285
MDS,KMeans,6,1813,8091,0.9419114897971231,0.9256236939935903
MDS,KMeans,6,9496,7954,0.8643349231584526,0.8558307888185227
MDS,KMeans,6,9496,5361,0.8589612496033285,0.8544326095360981
MDS,KMeans,6,9496,9387,0.9565141153778713,0.9574449140305387
MDS,KMeans,6,9496,8091,0.8589612496033285,0.8544326095360981
MDS,KMeans,6,7954,5361,0.9419114897971231,0.9256236939935903
MDS,KMeans,6,7954,9387,0.8253008511887291,0.8317965823707546
MDS,KMeans,6,7954,8091,0.9419114897971231,0.9256236939935903
MDS,KMeans,6,5361,9387,0.8200128897019093,0.8303663935548856
MDS,KMeans,6,5361,8091,1.0,1.0000000000000002
MDS,KMeans,6,9387,8091,0.8200128897019093,0.8303663935548856
MDS,GMM,6,9513,3970,0.9125613379936925,0.9247868384757698
MDS,GMM,6,9513,6230,0.9554916461243494,0.9555693127517633
MDS,GMM,6,9513,7923,0.9125613379936925,0.9247868384757698
MDS,GMM,6,9513,4881,0.8705834018077239,0.8810562684076271
MDS,GMM,6,9513,2906,0.9554916461243494,0.9555693127517633
MDS,GMM,6,9513,9361,1.0,1.0
MDS,GMM,6,9513,1311,0.9255796860105888,0.9180015297787514
MDS,GMM,6,9513,5170,0.9554916461243494,0.9555693127517633
MDS,GMM,6,9513,2699,0.9251810957568612,0.9169483801035296
MDS,GMM,6,3970,6230,0.9556804751659141,0.955481205308977
MDS,GMM,6,3970,7923,1.0,1.0
MDS,GMM,6,3970,4881,0.9556804751659141,0.955481205308977
MDS,GMM,6,3970,2906,0.9556804751659141,0.955481205308977
MDS,GMM,6,3970,9361,0.9125613379936925,0.9247868384757696
MDS,GMM,6,3970,1311,0.9245436734189211,0.9175344220085191
MDS,GMM,6,3970,5170,0.8711324585593503,0.880841558653542
MDS,GMM,6,3970,2699,0.925477090896621,0.9167414147377493
MDS,GMM,6,6230,7923,0.9556804751659141,0.955481205308977
MDS,GMM,6,6230,4881,0.9125205030071077,0.9113719097233582
MDS,GMM,6,6230,2906,0.9125205030071077,0.9113719097233582
MDS,GMM,6,6230,9361,0.9554916461243494,0.9555693127517633
MDS,GMM,6,6230,1311,0.9690546777101989,0.9617907380918963
MDS,GMM,6,6230,5170,0.9125205030071077,0.9113719097233582
MDS,GMM,6,6230,2699,0.9694468752828993,0.9616895062118954
MDS,GMM,6,7923,4881,0.9556804751659141,0.9554812053089767
MDS,GMM,6,7923,2906,0.9556804751659141,0.9554812053089767
MDS,GMM,6,7923,9361,0.9125613379936925,0.9247868384757698
MDS,GMM,6,7923,1311,0.9245436734189211,0.9175344220085191
MDS,GMM,6,7923,5170,0.8711324585593503,0.880841558653542
MDS,GMM,6,7923,2699,0.925477090896621,0.9167414147377493
MDS,GMM,6,4881,2906,0.9125205030071077,0.9113719097233582
MDS,GMM,6,4881,9361,0.8705834018077239,0.8810562684076271
MDS,GMM,6,4881,1311,0.882407775298756,0.874076355051913
MDS,GMM,6,4881,5170,0.8305084745762712,0.8508704388343651
MDS,GMM,6,4881,2699,0.882540209420924,0.8723364851547213
MDS,GMM,6,2906,9361,0.9554916461243494,0.9555693127517635
MDS,GMM,6,2906,1311,0.882407775298756,0.8740763550519131
MDS,GMM,6,2906,5170,0.9125205030071077,0.9113719097233582
MDS,GMM,6,2906,2699,0.882540209420924,0.8723364851547213
MDS,GMM,6,9361,1311,0.9255796860105888,0.9180015297787514
MDS,GMM,6,9361,5170,0.9554916461243494,0.9555693127517633
MDS,GMM,6,9361,2699,0.9251810957568612,0.9169483801035296
MDS,GMM,6,1311,5170,0.882407775298756,0.874076355051913
MDS,GMM,6,1311,2699,0.9399061919469407,0.9372082255421474
MDS,GMM,6,5170,2699,0.882540209420924,0.8723364851547213
MDS,Agglomerative,6,3396,5315,0.912883923449966,0.9071787018803048
MDS,Agglomerative,6,3396,3847,0.7230731537809918,0.7855184818106511
MDS,Agglomerative,6,3396,7635,0.912883923449966,0.9071787018803048
MDS,Agglomerative,6,3396,3210,0.8540286922438262,0.8417473376567642
MDS,Agglomerative,6,3396,5123,0.9359721364297926,0.9172158117182841
MDS,Agglomerative,6,3396,9361,0.8302498444611808,0.849184534094995
MDS,Agglomerative,6,3396,2093,0.7901723522571583,0.8509810763625896
MDS,Agglomerative,6,3396,6230,0.8704578223135684,0.8947442880021439
MDS,Agglomerative,6,3396,9853,0.8302498444611808,0.849184534094995
MDS,Agglomerative,6,5315,3847,0.7957097036089285,0.849141107562596
MDS,Agglomerative,6,5315,7635,1.0,1.0
MDS,Agglomerative,6,5315,3210,0.9400474986001429,0.9366905707904267
MDS,Agglomerative,6,5315,5123,0.9359721364297926,0.9172158117182841
MDS,Agglomerative,6,5315,9361,0.9124725760502963,0.9214093716554876
MDS,Agglomerative,6,5315,2093,0.7901723522571583,0.8509810763625896
MDS,Agglomerative,6,5315,6230,0.8704578223135684,0.8947442880021439
MDS,Agglomerative,6,5315,9853,0.9124725760502963,0.9214093716554876
MDS,Agglomerative,6,3847,7635,0.7957097036089285,0.849141107562596
MDS,Agglomerative,6,3847,3210,0.7384866542283821,0.7812324565281049
MDS,Agglomerative,6,3847,5123,0.74574082652649,0.7702965810363755
MDS,Agglomerative,6,3847,9361,0.7221168833255668,0.813794410205662
MDS,Agglomerative,6,3847,2093,0.6212864732443891,0.7712796175564223
MDS,Agglomerative,6,3847,6230,0.6872011948785632,0.7984265256186682
MDS,Agglomerative,6,3847,9853,0.7221168833255668,0.813794410205662
MDS,Agglomerative,6,7635,3210,0.9400474986001429,0.9366905707904267
MDS,Agglomerative,6,7635,5123,0.9359721364297926,0.9172158117182841
MDS,Agglomerative,6,7635,9361,0.9124725760502963,0.9214093716554876
MDS,Agglomerative,6,7635,2093,0.7901723522571583,0.8509810763625896
MDS,Agglomerative,6,7635,6230,0.8704578223135684,0.8947442880021439
MDS,Agglomerative,6,7635,9853,0.9124725760502963,0.9214093716554876
MDS,Agglomerative,6,3210,5123,0.8768200602502704,0.8522947570225746
MDS,Agglomerative,6,3210,9361,0.8534741738540557,0.8565901983638674
MDS,Agglomerative,6,3210,2093,0.7327889740497219,0.7848377275365968
MDS,Agglomerative,6,3210,6230,0.81198319034124,0.8294306295976623
MDS,Agglomerative,6,3210,9853,0.8534741738540557,0.8565901983638674
MDS,Agglomerative,6,5123,9361,0.8507786529549511,0.8589146581585198
MDS,Agglomerative,6,5123,2093,0.7321685244140621,0.7971525626947144
MDS,Agglomerative,6,5123,6230,0.8099696612618569,0.8359485299150421
MDS,Agglomerative,6,5123,9853,0.8507786529549511,0.8589146581585198
MDS,Agglomerative,6,9361,2093,0.8694045276404345,0.8951478154222846
MDS,Agglomerative,6,9361,6230,0.955258949034609,0.9537475875487162
MDS,Agglomerative,6,9361,9853,1.0,1.0
MDS,Agglomerative,6,2093,6230,0.9114087720395744,0.9218959840985674
MDS,Agglomerative,6,2093,9853,0.8694045276404345,0.8951478154222846
MDS,Agglomerative,6,6230,9853,0.955258949034609,0.9537475875487162
MDS,Spectral,6,2699,8146,0.7780132960786202,0.8267538897826288
MDS,Spectral,6,2699,3653,0.719318844885788,0.7863400596526259
MDS,Spectral,6,2699,5539,0.656738312392372,0.7505473647590786
MDS,Spectral,6,2699,6230,0.6041469105942271,0.7290478452401917
MDS,Spectral,6,2699,5315,0.8265728875614221,0.8613591166242995
MDS,Spectral,6,2699,9181,0.6824922876630911,0.7744444741409996
MDS,Spectral,6,2699,9496,0.5855603035907903,0.7158971841966562
MDS,Spectral,6,2699,4861,0.6114255794865989,0.7133673809224388
MDS,Spectral,6,2699,9213,0.6693323056171114,0.7387868487229751
MDS,Spectral,6,8146,3653,0.8257468682839939,0.8736310885037092
MDS,Spectral,6,8146,5539,0.6033114867195585,0.7109168026150385
MDS,Spectral,6,8146,6230,0.5136287673601106,0.6542039862385699
MDS,Spectral,6,8146,5315,0.7776619767239882,0.8355775162781381
MDS,Spectral,6,8146,9181,0.6245981937853972,0.7335732158036291
MDS,Spectral,6,8146,9496,0.5918132689433138,0.7224837972843203
MDS,Spectral,6,8146,4861,0.603933874177254,0.7199510007383351
MDS,Spectral,6,8146,9213,0.768397892420821,0.8242955830444862
MDS,Spectral,6,3653,5539,0.6251393712594036,0.7195036075753765
MDS,Spectral,6,3653,6230,0.5837820593795697,0.7006615089640817
MDS,Spectral,6,3653,5315,0.8815078704331158,0.9101215038833841
MDS,Spectral,6,3653,9181,0.6510665764346605,0.7342808640278687
MDS,Spectral,6,3653,9496,0.6043778595137705,0.7108350721748942
MDS,Spectral,6,3653,4861,0.6787048674101329,0.7587002916365364
MDS,Spectral,6,3653,9213,0.8815078704331158,0.9010787557253879
MDS,Spectral,6,5539,6230,0.7722504101018579,0.8379537075259319
MDS,Spectral,6,5539,5315,0.7274922387030011,0.7966101976034629
MDS,Spectral,6,5539,9181,0.9065160113498176,0.9240937780449453
MDS,Spectral,6,5539,9496,0.837862525690797,0.889385918984626
MDS,Spectral,6,5539,4861,0.9156364004864207,0.9263832620122572
MDS,Spectral,6,5539,9213,0.6654018627112798,0.751908223760674
MDS,Spectral,6,6230,5315,0.6657638448683225,0.7684277227785209
MDS,Spectral,6,6230,9181,0.8045995496944355,0.8634105610976404
MDS,Spectral,6,6230,9496,0.852363331171556,0.8757716447189784
MDS,Spectral,6,6230,4861,0.7223256758815663,0.790371714017037
MDS,Spectral,6,6230,9213,0.5689506137267332,0.6927311873726631
MDS,Spectral,6,5315,9181,0.7577682534823206,0.8215461196288117
MDS,Spectral,6,5315,9496,0.692997585374267,0.7924336565290879
MDS,Spectral,6,5315,4861,0.7256237563140977,0.7960709175131495
MDS,Spectral,6,5315,9213,0.7707139134966128,0.8127405513979248
MDS,Spectral,6,9181,9496,0.8358329955411431,0.8888870450280643
MDS,Spectral,6,9181,4861,0.8542985306186691,0.8759564019637592
MDS,Spectral,6,9181,9213,0.6911832236338589,0.7667153006623962
MDS,Spectral,6,9496,4861,0.8563538710985003,0.9114813075098814
MDS,Spectral,6,9496,9213,0.5872139818328159,0.6933011539509977
MDS,Spectral,6,4861,9213,0.6705189040257156,0.744174824310615
